Question,Correct Answer,Incorrect Answer 1,Incorrect Answer 2,Incorrect Answer 3
Kryterium oceny instrumentów inwestycyjnych nie jest:,wymienialność,płynność,rentowność,ryzyko
Wskaż zdanie nieprawdziwe.,Spekulacja jest zawsze zjawiskiem negatywnym,Ryzyka inwestycyjnego nie można całkowicie wyeliminować,Zakup kuponu lotto nie jest inwestycją,"Im bardziej zadłużone państwo, tym większą rentowność będą miały obligacje emitowane w celu pokrycia deficytu budżetowego"
"Lokata, której oprocentowanie zwiększa się wraz z upływem czasu przechowywania depozytu, to:",lokata progresywna,lokata o zmiennym oprocentowaniu,lokata rentierska,lokata strukturyzowana
Wkładem a’vista jest:,ROR,lokata o zmiennym oprocentowaniu,lokata progresywna,obligacje indeksowane inflacją
Podwojenie kapitału przy oprocentowaniu rocznym w wysokości 4% (i rocznej kapitalizacji odsetek) nastąpi po (do obliczeń możesz wykorzystać regułę 72):,18 latach,17 latach,19 latach,28 latach
"W przypadku upadłości banku objętego gwarancjami Bankowego Funduszu Gwarancyjnego pojedynczy klient odzyska 100% wpłaconych depozytów, jeżeli ich wysokość nie przekracza:",100 tys. euro,50 tys. euro,75 tys. euro,80 tys. euro
Która inwestycja wiąże się z najmniejszym ryzykiem dla inwestora chcącego zainwestować wolne środki na pół roku?,tradycyjna lokata bankowa na 6 miesięcy,zakup obligacji korporacyjnych notowanych na GPW,zakup akcji spółki z WIG20,zakup jednostek funduszu inwestycyjnego inwestującego w akcje małych i średnich przedsiębiorstw
Inwestowanie w jednostki funduszy inwestycyjnych w porównaniu z lokowaniem wolnych środków na lokacie bankowej wiąże się zazwyczaj z:,wyższym zyskiem i wyższym ryzykiem,niższym zyskiem i niższym ryzykiem,niższym zyskiem i wyższym ryzykiem,wyższym zyskiem i niższym ryzykiem
Która z inwestycji nie jest opodatkowana 19-procentowym podatkiem od zysków z oszczędności i inwestycji kapitałowych:,polisa na życie,standardowa lokata bankowa,inwestycje na GPW,obligacje skarbowe
Zdolność szybkiego wycofania się z instrumentu finansowego i odzyskania zainwestowanej gotówki określa parametr:,płynność,rentowność,ryzyko,wymienialność
"Zakup kuponu loterii (lotto) formalnie nie jest inwestycją, ponieważ:","w długim okresie statystyczny gracz zawsze traci, bo stawki są tak skalkulowane, żeby zarabiał wyłącznie organizator",nie wiąże się z żadnym ryzykiem dla gracza,"jest to forma spekulacji, a nie inwestycji",dochody z loterii nie podlegają opodatkowaniu
"W porównaniu do inwestowania, spekulacja charakteryzuje się:",krótkim horyzontem czasowym i zyskiem z krótkoterminowych wahań cen,długim horyzontem czasowym i udziałem w podziale zysków z sukcesu przedsięwzięcia,gwarancją zysku dla wszystkich uczestników rynku,brakiem jakiegokolwiek ryzyka dla uczestnika
"Konto oprocentowane, pozwalające na swobodny dostęp do gotówki, z którego zazwyczaj przelewa się środki na konto ROR do bieżących płatności, to:",konto oszczędnościowe,konto ROR,lokata terminowa,lokata rentierska
W przypadku upadłości banku środki zgromadzone w Spółdzielczej Kasie Oszczędnościowo-Kredytowej (SKOK):,są objęte taką samą gwarancją Bankowego Funduszu Gwarancyjnego jak depozyty bankowe,"nie są objęte żadną gwarancją, ponieważ SKOK-i prawnie nie są bankami",są gwarantowane wyłącznie do wysokości 50 tysięcy euro,"są gwarantowane przez Komisję Nadzoru Finansowego, a nie przez BFG"
Gwarancjami Bankowego Funduszu Gwarancyjnego nie są objęte m.in. depozyty:,Skarbu Państwa oraz innych banków i instytucji finansowych,osób fizycznych prowadzących jednoosobową działalność gospodarczą,rachunków oszczędnościowych i lokat terminowych,kont wspólnych małżonków
W przypadku zawieszenia działalności banku przez KNF wypłata środków gwarantowanych przez BFG następuje w ciągu:,7 dni roboczych,24 godzin,30 dni roboczych,3 miesięcy
"Lokata, na której strata inwestora w najgorszym przypadku wynosi 0, ponieważ jej konstrukcja gwarantuje pełną ochronę wpłaconego kapitału, a oprocentowanie zależy od zachowania wybranego aktywa bazowego, to lokata:",strukturyzowana,progresywna,rentierska,jednodniowa (overnight)
"Lokata, na której wypracowane odsetki nie są kapitalizowane, lecz regularnie wypłacane bezpośrednio na rachunek klienta, to lokata:",rentierska,progresywna,strukturyzowana,jednodniowa (overnight)
"Popularną nazwą podatku od zysków kapitałowych w Polsce, obowiązującego od 2012 roku w wysokości 19%, jest podatek:",Belki,Tuska,Kaczyńskiego,Morawieckiego
"Na wartość rynkową kart kolekcjonerskich (np. Magic: The Gathering) wpływają m.in. rok wydania i ocena stanu (grading), natomiast nie wpływa na nią:",data nabycia karty przez obecnego właściciela,rzadkość danej karty na rynku,stan fizyczny zachowania karty,popularność danej serii wśród kolekcjonerów
System akordowy sprawdza się przy wynagradzaniu:,jednorodnej pracy sezonowej,pracy biurowej,pracy twórczej,zadań wynikających z zawartej umowy o dzieło
Jan Kowalski od 5 lat pracuje w firmie Alfa. Po pierwszych trzech miesiącach pracy zawarł umowę o pracę na czas nieokreślony. Okres wypowiedzenia tej umowy wynosi:,trzy miesiące,dwa tygodnie,miesiąc,pół roku
W umowach o pracę na czas nieokreślony okres wypowiedzenia uzależniony jest od:,przepracowanego czasu,otrzymanego wynagrodzenia,zajmowanego stanowiska w przedsiębiorstwie,decyzji prezesa
"Jeżeli pracownik jest zatrudniony (łączny staż pracy, wraz z latami nauki) krócej niż 10 lat, to ma prawo do urlopu wypoczynkowego w wymiarze:",20 dni,18 dni,22 dni,26 dni
"Umowa, w ramach której pracownik zobowiązuje się do osobistego wykonywania pracy pod kierownictwem pracodawcy, w wyznaczonym przez niego miejscu i czasie, jest oparta na:",Kodeksie pracy,Kodeksie cywilnym,Kodeksie handlowym,Kodeksie spółek handlowych
"Umowa zlecenie różni się od umowy o dzieło tym, że zleceniobiorca odpowiada za:","staranne wykonanie zlecenia, a nie za osiągnięcie konkretnego rezultatu","osiągnięcie konkretnego, mierzalnego rezultatu pracy","pełne przywileje pracownicze, takie jak płatny urlop",odprowadzanie pełnych składek ZUS za wykonawcę
"Maksymalny okres, na jaki można zawrzeć umowę o pracę na okres próbny, wynosi:",3 miesiące,6 miesięcy,12 miesięcy,33 miesiące
Umowa o pracę na czas określony po przekroczeniu łącznego okresu 33 miesięcy zatrudnienia u danego pracodawcy:,ulega automatycznemu przekształceniu w umowę na czas nieokreślony,musi zostać rozwiązana przez pracodawcę,automatycznie staje się umową zleceniem,wymaga ponownego okresu próbnego
"Forma zatrudnienia potocznie nazywana „chałupnictwem”, polegająca na wykonywaniu pracy poza siedzibą zleceniodawcy, najczęściej we własnym domu, z rozliczeniem na podstawie rezultatów, to:",umowa o pracę nakładczą,umowa zlecenie,kontrakt menadżerski,umowa agencyjna
"Pracownik zatrudniony na umowę o pracę na czas nieokreślony od 4 miesięcy, chcący ją rozwiązać, będzie miał okres wypowiedzenia w wysokości:",2 tygodni,1 miesiąca,3 miesięcy,3 dni roboczych
"Pracownik zatrudniony na umowę o pracę na czas nieokreślony od 2 lat, chcący ją rozwiązać, będzie miał okres wypowiedzenia w wysokości:",1 miesiąca,2 tygodni,3 miesięcy,3 dni roboczych
"Absolwent studiów wyższych, który przepracował dotychczas 3 lata, ma łączny staż pracy uprawniający do:",26 dni urlopu (8 lat za studia + 3 lata pracy = 11 lat stażu),20 dni urlopu (bo liczą się tylko 3 lata pracy),20 dni urlopu (bo lata studiów nie liczą się do stażu),"26 dni urlopu, ale dopiero po ukończeniu 10 lat pracy zawodowej"
"Forma wynagradzania, w której pracownik otrzymuje stałą podstawę wynagrodzenia oraz dodatkowo procent od wypracowanych wyników sprzedaży, to wynagrodzenie:",czasowo-prowizyjne,czasowo-premiowe,akordowe,kafeteryjne
"Forma wynagradzania, w której pracownik samodzielnie wybiera benefity pozapłacowe z określonej puli środków (np. kartę Multisport lub opiekę medyczną), to wynagrodzenie:",kafeteryjne,zadaniowe,ryczałtowe,czasowo-premiowe
"Wynagrodzenie brutto pracownika, obejmujące m.in. pensję netto, zaliczkę na podatek i składkę ZUS:","nie stanowi całkowitego kosztu zatrudnienia dla pracodawcy, który ponosi dodatkowe koszty (część składek ZUS, Fundusz Pracy)",jest równe całkowitemu kosztowi zatrudnienia pracownika dla pracodawcy,"to kwota, którą pracownik faktycznie otrzymuje „na rękę”",nie obejmuje żadnych składek ani podatków
Zgodnie z Kodeksem pracy niedopuszczalnym kryterium różnicowania wynagrodzeń pracowników jest:,sytuacja rodzinna pracownika (np. stan cywilny czy liczba dzieci),stopień trudności wykonywanych zadań,poziom odpowiedzialności za wyniki i decyzje,uciążliwość warunków pracy
"Uniwersalna Metoda Wartościowania Pracy (UMEWAP 2000) opiera się na czterech kryteriach oceny stanowiska, wśród których nie znajduje się:",staż pracy,złożoność pracy,odpowiedzialność,współpraca
"Osoba fizyczna prowadząca jednoosobową działalność gospodarczą i świadcząca usługi na rzecz innej firmy na podstawie umowy cywilnoprawnej, powszechnie nazywanej kontraktem B2B, to:",samozatrudnienie,umowa agencyjna,leasing pracowniczy,praca tymczasowa
"Forma zatrudnienia oparta na porozumieniu trzech stron – agencji, pracownika i pracodawcy użytkownika – w której agencja formalnie zatrudnia i wypłaca wynagrodzenie, a codzienne zadania wyznacza pracodawca użytkownik, to:",praca tymczasowa,leasing pracowniczy,umowa agencyjna,job-sharing
Który z poniższych jest najwyższym przejawem dojrzałości finansowej:,"wypracowanie nadwyżki finansowej, która pozwala na sfinansowanie bieżącej konsumpcji",oszczędzanie na wyznaczony cel,posiadanie rezerwy finansowej,prowadzenie budżetu domowego
"Do jakiej kategorii w klasyfikacji postaw wobec pieniędzy zaliczają się osoby podchodzące do finansów w sposób racjonalny, wyważony i instrumentalny?",refleksyjni zarządcy,negujący znaczenie pieniędzy,niespokojni wielbiciele,niezaangażowani hedoniści
Behawioralna teoria cyklu życia dotycząca oszczędzania zakłada:,że umysł człowieka funkcjonuje jako organizacja dwóch systemów: nakłaniającego do natychmiastowej konsumpcji i do oszczędzania,zmiany struktury oszczędności człowieka w zależności od jego wieku,że głównym motywem oszczędzania jest potrzeba bezpieczeństwa,że w okresie poemerytalnym występuje tzw. „oszczędzanie ujemne”
"Z hierarchicznego modelu motywów oszczędzania wynika, że:","zapewnienie sobie zabezpieczenia na wypadek nagłych, nieprzewidzianych potrzeb to najczęściej występujący motyw oszczędzania",zarządzanie gotówką jest najbardziej podstawowym motywem oszczędzania,oszczędzanie na konkretny cel znajduje się wyżej w hierarchii niż zarządzanie zasobami,zarządzanie zasobami nie jest motywem oszczędzania
"System świadczeń społecznych, w którym środki pochodzą z budżetu państwa, nie trzeba wcześniej nic wpłacać, a świadczenie przysługuje ze względu na sytuację życiową (np. urodzenie dziecka), to system:",zaopatrzenia społecznego,pomocy społecznej,ubezpieczeń społecznych,kapitałowy
"Świadczenia, które dają konsumentom pełną swobodę w decydowaniu, na co przeznaczą otrzymane środki (np. zasiłek dla bezrobotnych czy emerytura), nazywamy świadczeniami:",pieniężnymi (gotówkowymi),rzeczowymi,obligatoryjnymi,fakultatywnymi
Świadczenie „Dobry Start” przysługuje w wysokości:,300 zł raz w roku na dziecko uczące się w szkole,800 zł miesięcznie na dziecko do 18. roku życia,500 zł miesięcznie na dziecko do 18. roku życia,300 zł miesięcznie na dziecko uczące się w szkole
Do 2024 roku świadczenie „Rodzina 800 plus” wynosiło:,500 zł miesięcznie na dziecko,300 zł miesięcznie na dziecko,600 zł miesięcznie na dziecko,1000 zł miesięcznie na dziecko
Do zadań Zakładu Ubezpieczeń Społecznych (ZUS) nie należy:,inwestowanie zgromadzonych składek na giełdzie papierów wartościowych,pobieranie składek od pracowników i pracodawców,prowadzenie indywidualnych kont dla ubezpieczonych,wydawanie orzeczeń lekarskich o niezdolności do pracy
Kasa Rolniczego Ubezpieczenia Społecznego (KRUS) odpowiada za:,ubezpieczenie społeczne rolników,ubezpieczenie społeczne osób samozatrudnionych,nadzór nad Otwartymi Funduszami Emerytalnymi,"wypłatę świadczeń rodzinnych, takich jak 800 plus"
W latach 2013–2017 wiek emerytalny w Polsce wynosił:,"67 lat, niezależnie od płci",60 lat dla kobiet i 65 lat dla mężczyzn,65 lat dla kobiet i 67 lat dla mężczyzn,"62 lata, niezależnie od płci"
W polskim systemie emerytalnym charakter międzypokoleniowy (repartycyjny) ma:,I filar (ZUS),II filar,III filar,"zarówno I, jak i II filar"
"Otwarte Fundusze Emerytalne (OFE), w ramach opcji B drugiego filaru, inwestują powierzone im składki:","na rynku kapitałowym, np. w akcje i obligacje, za pośrednictwem Powszechnych Towarzystw Emerytalnych",wyłącznie w obligacje skarbowe gwarantowane przez państwo,na depozytach bankowych o stałym oprocentowaniu,w nieruchomości komercyjne na terenie Polski
"Maksymalny roczny limit wpłat na Indywidualne Konto Emerytalne (IKE) w 2026 roku, wynoszący 300% prognozowanego przeciętnego miesięcznego wynagrodzenia, to kwota:",28 260 zł,11 304 zł,100 000 zł,9 420 zł
"Główną zaletą podatkową Indywidualnego Konta Zabezpieczenia Emerytalnego (IKZE) jest to, że wpłacone środki:","pomniejszają podstawę opodatkowania, dzięki czemu płaci się niższy podatek PIT",są całkowicie zwolnione z podatku Belki bez żadnych dodatkowych warunków,są oprocentowane wyżej niż środki na IKE,podlegają dziedziczeniu bez ograniczeń wiekowych
W ramach Pracowniczych Planów Kapitałowych (PPK) minimalna wpłata pracodawcy wynosi:,"1,5% wynagrodzenia brutto pracownika",2% wynagrodzenia brutto pracownika,4% wynagrodzenia brutto pracownika,7% wynagrodzenia brutto pracownika
"Pracodawca może zostać zwolniony z obowiązku tworzenia PPK, jeśli prowadzi Pracowniczy Program Emerytalny (PPE) z wpłatą co najmniej:","3,5% wynagrodzenia brutto, przy udziale co najmniej 25% zatrudnionych","1,5% wynagrodzenia brutto, przy udziale co najmniej 50% zatrudnionych","7% wynagrodzenia brutto, niezależnie od liczby uczestników","2% wynagrodzenia brutto, przy udziale wszystkich zatrudnionych"
Który z poniższych jest najwyższym przejawem dojrzałości finansowej:,"wypracowanie nadwyżki finansowej, która pozwala na sfinansowanie bieżącej konsumpcji",oszczędzanie na wyznaczony cel,posiadanie rezerwy finansowej,prowadzenie budżetu domowego
"Do jakiej kategorii w klasyfikacji postaw wobec pieniędzy zaliczają się osoby podchodzące do finansów w sposób racjonalny, wyważony i instrumentalny?",refleksyjni zarządcy,negujący znaczenie pieniędzy,niespokojni wielbiciele,niezaangażowani hedoniści
Behawioralna teoria cyklu życia dotycząca oszczędzania zakłada:,że umysł człowieka funkcjonuje jako organizacja dwóch systemów: nakłaniającego do natychmiastowej konsumpcji i do oszczędzania,zmiany struktury oszczędności człowieka w zależności od jego wieku,że głównym motywem oszczędzania jest potrzeba bezpieczeństwa,że w okresie poemerytalnym występuje tzw. „oszczędzanie ujemne”
"Z hierarchicznego modelu motywów oszczędzania wynika, że:","zapewnienie sobie zabezpieczenia na wypadek nagłych, nieprzewidzianych potrzeb to najczęściej występujący motyw oszczędzania",zarządzanie gotówką jest najbardziej podstawowym motywem oszczędzania,oszczędzanie na konkretny cel znajduje się wyżej w hierarchii niż zarządzanie zasobami,zarządzanie zasobami nie jest motywem oszczędzania
"Klasyczną hipotezę cyklu życia, zakładającą dążenie ludzi do wyrównanego poziomu konsumpcji przez całe życie (brak oszczędzania w młodości i na emeryturze, intensywne oszczędzanie w średnim wieku), sformułowali:",Franco Modigliani i Richard Brumberg,Hersch Shefrin i Richard Thaler,Daniel Kahneman i Amos Tversky,Milton Friedman i Paul Samuelson
"W behawioralnej teorii cyklu życia Shefrina i Thalera głos w umyśle człowieka, który nakłania do natychmiastowej konsumpcji, nazywany jest:",krótkowzrocznym sprawcą,dalekowzrocznym planistą,refleksyjnym zarządcą,niezaangażowanym hedonistą
"Najbardziej podstawowy, pierwszy poziom piramidy dojrzałości finansowej to:",bieżące kontrolowanie wydatków i prowadzenie budżetu domowego,"oszczędzanie na konkretny, wyznaczony cel",rezerwa finansowa na wypadek utraty dochodów,wypracowanie nadwyżki z inwestycji
"Trzeci poziom piramidy dojrzałości finansowej, będący zabezpieczeniem standardu życia na wypadek utraty dochodów, to:",rezerwa finansowa,budżet domowy,oszczędzanie na cel,nadwyżka z inwestycji
"Postawę wobec pieniędzy, w której traktuje się je jako „zło samo w sobie” i odrzuca racjonalne podejście do finansów, nazywamy:",negowaniem znaczenia pieniędzy,niezaangażowanym hedonizmem,refleksyjnym zarządzaniem,niespokojnym wielbicielstwem
Postawę wobec pieniędzy polegającą na wykorzystywaniu ich jako narzędzia kontrolowania innych ludzi reprezentują:,niespokojni wielbiciele,refleksyjni zarządcy,negujący znaczenie pieniędzy,niezaangażowani hedoniści
"Postawę wobec pieniędzy, w której traktuje się je wyłącznie jako źródło bieżącej przyjemności, bez oszczędzania czy inwestowania, reprezentują:",niezaangażowani hedoniści,refleksyjni zarządcy,niespokojni wielbiciele,negujący znaczenie pieniędzy
"Zgodnie z hierarchicznym modelem motywów oszczędzania, najrzadziej występującym motywem jest:","zarządzanie zasobami, czyli świadome pomnażanie majątku",zarządzanie gotówką na bieżące wydatki,zabezpieczenie na wypadek nagłych potrzeb,gromadzenie środków na konkretny cel
Oprocentowanie karty kredytowej:,naliczane jest dopiero po upłynięciu grace period,naliczane jest od razu po dokonaniu płatności kartą,może przekraczać oprocentowanie dopuszczalne ustawą antylichwiarską,jest niższe niż oprocentowanie kredytu hipotecznego
"Grace period to okres, w którym:",możemy korzystać z nieoprocentowanego kredytu na karcie kredytowej,zamrażamy swoje środki na lokacie bankowej,możemy zwrócić w sklepie zakupiony towar,"okres ochronny przed emeryturą, w którym pracownik nie może zostać zwolniony z pracy"
Skrót RRSO oznacza:,rzeczywistą roczną stopę oprocentowania,racjonalną roczną stopę oprocentowania,racjonalną roczną stopę oszczędności,rzeczywistą roczną stopę oszczędności
Który z poniższych produktów finansowych będzie miał najniższą wartość RRSO (przy standardowych rynkowych parametrach produktu)?,kredyt hipoteczny,kredyt bankowy „na święta”,roczny kredyt na karcie kredytowej,roczna pożyczka z firmy oferującej „szybkie pożyczki” i „chwilówki”
Który z poniższych produktów finansowych będzie miał najwyższą wartość RRSO przy standardowych rynkowych parametrach produktu?,14-dniowa pożyczka z firmy oferującej „szybkie pożyczki” i „chwilówki”,30-letni kredyt hipoteczny,zadłużenie w ramach przyznanego limitu na karcie kredytowej,półroczny kredyt bankowy „na wakacje”
Spirala zadłużenia w finansach osobistych oznacza:,"stan, w którym dłużnik posiadający zobowiązania pożyczkowe zaciąga kolejne pożyczki na regulowanie bieżącego zadłużenia","stan, w którym dłużnik przy rosnących stopach procentowych i zmiennym oprocentowaniu kredytów płaci wyższe raty kredytowe","stan, w którym gospodarstwo domowe posiada jednocześnie lokaty bankowe i kredyt (o wyższym oprocentowaniu niż depozyty)","stan, w którym gospodarstwo domowe zaciąga kredyt, żeby sfinansować wymarzony wyjazd wakacyjny"
"Wskaźnik LTV w umowie kredytu hipotecznego wynoszący 80% oznacza, że:","wartość kredytu wynosi 0,8 wartości zabezpieczenia",wkład własny kredytobiorcy wynosi 80% wartości nieruchomości,wysokość miesięcznej raty będzie wynosiła 80% dochodów netto kredytobiorcy,wysokość miesięcznej raty będzie wynosiła 20% dochodów netto kredytobiorcy
Żywność i napoje bezalkoholowe oraz koszty utrzymania mieszkania stanowią łącznie w strukturze wydatków przeciętnego polskiego gospodarstwa domowego około:,45% wszystkich wydatków,25% wszystkich wydatków,60% wszystkich wydatków,15% wszystkich wydatków
"Karta, która pozwala dysponować środkami wyłącznie do wysokości salda na rachunku, a transakcja zostaje odrzucona przy braku wystarczających środków, to karta:",debetowa,kredytowa,przedpłacona,obciążeniowa (charge)
"Karta, która przyznaje klientowi odnawialny limit i pozwala dokonywać zakupów bez posiadania własnych środków na rachunku w momencie transakcji, to karta:",kredytowa,debetowa,przedpłacona,bankomatowa
Polski standard Numeru Rachunku Bankowego (NRB) składa się łącznie z:,26 cyfr,16 cyfr,20 cyfr,34 cyfr
"W odróżnieniu od kredytu, pożyczka:","może zostać udzielona przez dowolny podmiot, także osobę prywatną, i może być bezpłatna","może być udzielona wyłącznie przez bank, na podstawie Prawa bankowego",zawsze wiąże się z naliczeniem odsetek i prowizji,"musi mieć zawsze formę pisemną, niezależnie od kwoty"
"Bierzesz kredyt na 10 000 zł na rok przy oprocentowaniu nominalnym 10% (odsetki ok. 550 zł), a bank pobiera dodatkowo 500 zł prowizji i 200 zł za obowiązkowe ubezpieczenie. Całkowity koszt tego kredytu wynosi:",1 250zł,550zł,700zł,10 000 zł
"Kredyt pozwalający na scalenie wielu mniejszych rat z różnych banków w jedną, zwykle niższą ratę miesięczną, to kredyt:",konsolidacyjny,rewolwingowy,kupiecki,inwestycyjny
"Kredyt, w którym spłata zadłużenia automatycznie odnawia dostępną pulę środków bez konieczności składania nowych wniosków, to kredyt:",rewolwingowy,konsolidacyjny,kupiecki,inwestycyjny
Instytucja gromadząca dane o historii kredytowej obywateli i firm w Polsce to:,Biuro Informacji Kredytowej (BIK),Komisja Nadzoru Finansowego (KNF),Bankowy Fundusz Gwarancyjny (BFG),Urząd Ochrony Konkurencji i Konsumentów (UOKiK)
"Metoda spłaty zadłużenia (Debt Snowball), polegająca na spłacaniu w pierwszej kolejności najmniejszych długów niezależnie od ich oprocentowania, przy jednoczesnym regulowaniu minimalnych rat pozostałych zobowiązań, to metoda:",kuli śnieżnej,lawiny zadłużenia,spirali zadłużenia,konsolidacji długu
Upadłość konsumencka jest przeznaczona wyłącznie dla:,"osób fizycznych nieprowadzących działalności gospodarczej, które stały się niewypłacalne",przedsiębiorców prowadzących jednoosobową działalność gospodarczą,spółek kapitałowych zagrożonych bankructwem,"osób fizycznych niezależnie od tego, czy prowadzą działalność gospodarczą"
"Długość planu spłaty w postępowaniu upadłościowym konsumenckim, gdy niewypłacalność wynika z rażącego niedbalstwa lub winy własnej dłużnika, może wynosić:",od 3 do 7 lat,"zawsze dokładnie 3 lata, niezależnie od przyczyny",maksymalnie 1 rok,"dożywotnio, bez możliwości umorzenia"
Co może być przyczyną inflacji kosztowej?,płace rosnące szybciej niż wydajność pracy,malejąca rynkowa stopa procentowa,urodzaj występujący w rolnictwie,zwiększająca się liczba konsumentów
Inflację podażową wywoła:,wzrost wynagrodzeń większy niż wzrost wydajności pracy,obniżenie centralnych stóp procentowych przez bank centralny,wzrost zadłużenia gospodarstw domowych w bankach,zwiększenie skłonności do konsumpcji
"Jeżeli w analizowanym okresie dochody nominalne wzrosły o 10%, a inflacja w tym czasie wyniosła 5%, to dochody realne:",wzrosły,nie zmieniły się,spadły,nie można tego stwierdzić
Inflacja wywołana przez wzrost cen energii to przykład inflacji:,kosztowej,galopującej,popytowej,strukturalnej
"Niewielki ogólny wzrost cen w gospodarce, nieprzekraczający 5% rocznie, to:",inflacja pełzająca,deflacja,hiperinflacja,inflacja krocząca
Inflacja nieprzekraczająca 5% rocznie to inflacja:,pełzająca,galopująca,hiperinflacja,krocząca
Zjawisko slumpflacji polega na:,"występowaniu w gospodarce państwa zarówno znaczącej inflacji, jak i spadku produkcji oraz dochodu narodowego w ujęciu bezwzględnym","występowaniu w gospodarce państwa zarówno niskiej inflacji, jak i spadku produkcji oraz dochodu narodowego w ujęciu bezwzględnym","występowaniu w gospodarce państwa zarówno znaczącej inflacji, jak i wzrostu produkcji oraz dochodu narodowego w ujęciu bezwzględnym","występowaniu w gospodarce państwa zarówno niskiej inflacji, jak i wzrostu produkcji oraz dochodu narodowego w ujęciu bezwzględnym"
Inflacja na poziomie 44% rocznie jest inflacją:,galopującą,pełzającą,umiarkowaną (kroczącą),hiperinflacją
Które z poniższych zjawisk jest charakterystyczne dla inflacji popytowej?,nadmierna podaż pieniądza w obiegu,spadek kosztów produkcji,usprawnienie technologii produkcji,wzrost cen surowców
"Zjawisko będące odwrotnością inflacji, czyli bezwzględny spadek ogólnego poziomu cen dóbr i usług w gospodarce, to:",deflacja,dezinflacja,inflacja pełzająca,stagflacja
"Sytuację, w której poziom inflacji z roku na rok się zmniejsza, ale ceny towarów i usług wciąż rosną – tylko wolniejszym tempem, nazywamy:",dezinflacją,deflacją,stagflacją,slumpflacją
Jednoczesne występowanie w gospodarce wysokiej inflacji oraz dużego bezrobocia i stagnacji gospodarczej to:,stagflacja,slumpflacja,dezinflacja,deflacja
"Zjawisko, w którym nominalny wzrost dochodów wypycha podatników do wyższych progów podatku progresywnego, mimo że ich realna siła nabywcza wcale nie rośnie, nazywa się:",taksflacją (drenażem podatkowym),slumpflacją,złudzeniem inflacyjnym,stagflacją
Wskaźnik CPI oblicza się jako:,"stosunek wartości koszyka dóbr w danym roku do wartości tego koszyka w roku bazowym, pomnożony przez 100",sumę cen wszystkich dóbr wyprodukowanych w gospodarce w danym roku,różnicę między PKB nominalnym a PKB realnym,iloczyn stopy inflacji i liczby ludności kraju
"Wskaźnik inflacji, który celowo pomija ceny żywności i energii, ponieważ są one najbardziej zmienne i najszybciej się zmieniają, to:",inflacja bazowa,CPI,PPI,deflator PKB
"Wskaźnik cen producentów, mierzący zmiany cen, po jakich producenci sprzedają swoje wyroby hurtowo (jeszcze przed sprzedażą konsumentom), to:",PPI (Producer Price Index),CPI (Consumer Price Index),deflator PKB,inflacja bazowa
"W odróżnieniu od CPI, deflator PKB:","uwzględnia ceny wszystkich dóbr wyprodukowanych w kraju, a nie tylko tych kupowanych przez przeciętnego konsumenta",mierzy wyłącznie ceny dóbr importowanych do kraju,pomija całkowicie ceny dóbr konsumpcyjnych,jest obliczany wyłącznie dla dóbr luksusowych
"Zjawisko mylenia przez ludzi zmian nominalnych ze zmianami realnymi – np. cieszenia się z podwyżki płacy bez dostrzegania, że ceny wzrosły równie mocno – nazywa się:",złudzeniem inflacyjnym (iluzją pieniądza),taksflacją,dezinflacją,efektem wypierania
Tzw. „koszty zdzieranych zelówek” to koszty inflacji związane z:,"czasem, jaki konsumenci poświęcają na poszukiwanie tańszych zamienników drożejących towarów",koniecznością drukowania przez przedsiębiorstwa nowych cenników i etykiet,utratą przez pieniądz funkcji miernika wartości,spadkiem realnej wartości oszczędności trzymanych w banku
PKB w cenach rynkowych nie uwzględnia:,salda dochodów własności podmiotów krajowych za granicą i podmiotów zagranicznych w kraju,amortyzacji,podatków pośrednich,wartości dóbr finalnych wytworzonych w danym roku na terenie państwa
"Aby obliczyć PNB, należy skorygować PKB o:",dochody netto z własności za granicą,amortyzację,podatki pośrednie i subsydia,wielkość rozporządzalnych dochodów osobistych
Realny PKB zawsze mierzy się w cenach:,stałych,bieżących,czynników wytwórczych,rynkowych
PKB per capita oznacza:,PKB w przeliczeniu na jednego mieszkańca,PKB w przeliczeniu na jednego zatrudnionego,PKB z uwzględnieniem siły nabywczej waluty,PKB w przeliczeniu na realną wartość wynagrodzeń
Którego miernika nie bierze się pod uwagę przy wyznaczaniu HDI (Human Development Index)?,zanieczyszczenia powietrza,dochodu narodowego na mieszkańca,oczekiwanej długości życia,oczekiwanej liczby lat edukacji dla osób rozpoczynających edukację w szkole
Która z poniższych zmiennych nie jest brana pod uwagę w wyliczeniu HDI (Human Development Index)?,wysokość emerytury względem średniej pensji krajowej,średnia liczba lat edukacji otrzymanej przez mieszkańców w wieku 25 lat i starszych,oczekiwana liczba lat edukacji dla dzieci rozpoczynających proces kształcenia,"dochód narodowy per capita w USD, liczony według parytetu siły nabywczej danej waluty"
Metodą obliczania wielkości PKB nie jest:,metoda sumowania produktów pośrednich,metoda sumowania produktów finalnych,metoda sumowania dochodów właścicieli czynników wytwórczych,metoda sumowania wydatków poniesionych na dobra finalne
"Metoda obliczania PKB, która uwzględnia płace i zyski pracowników i przedsiębiorstw uczestniczących w wytwarzaniu PKB to:",metoda sumowania dochodów,metoda deflatora PKB,metoda realnego PKB,metoda sumowania wydatków
Miernikiem pozwalającym porównać jakość życia w poszczególnych krajach jest:,Human Development Index (HDI),PKB per capita,PNB per capita,wysokość wszystkich wydatków budżetowych
"Wskaźnik rozwoju gospodarczego, który uwzględnia między innymi długość życia i poziom edukacji, to:",Human Development Index (HDI),produkt krajowy brutto (PKB),produkt narodowy brutto (PNB),produkt krajowy brutto per capita (PKB per capita)
Produkt krajowy brutto (PKB) mierzy:,wartość wszystkich finalnych dóbr i usług wytworzonych w danym kraju w danym okresie,sumę aktywów posiadanych przez dany kraj,"sumę dochodów uzyskiwanych przez obywateli danego kraju, niezależnie od miejsca ich pracy",wartość eksportu z danego kraju pomniejszoną o wartość importu do danego kraju
Który z poniższych mierników w najbardziej obiektywny sposób pozwoli porównać gospodarki różnych państw:,PKB per capita w parytecie siły nabywczej,dochód narodowy,PKB per capita,PKB
Współczynnik Giniego w ekonomii pozwala mierzyć:,nierówność dochodów,realne PKB,stabilność pieniądza,zmienność cen
"Wadą PKB jako miernika koniunktury gospodarczej nie jest to, że:",PKB nie uwzględnia dóbr pośrednich,PKB nie uwzględnia jakości oferowanych dóbr i usług,PKB nie uwzględnia czasu wolnego ludzi,PKB nie uwzględnia rozwarstwienia dochodów ludności
"Wartość produktu narodowego brutto pomniejszona o amortyzację, czyli koszt zużycia środków trwałych, to:",produkt narodowy netto (PNN),dochód narodowy (DN),produkt krajowy brutto (PKB),dochód rozporządzalny
"Dochód narodowy (DN) oblicza się, pomniejszając produkt narodowy netto dodatkowo o:",podatki pośrednie (np. VAT i akcyzę),amortyzację,płatności transferowe,saldo dochodów z zagranicy
"Wydatki socjalne, takie jak zasiłki dla bezrobotnych, nie są wliczane do PKB, ponieważ:",nie wiążą się z wytworzeniem nowego dobra ani usługi,"są zbyt małe, by mieć znaczenie statystyczne",dotyczą wyłącznie sektora publicznego,są wliczane do PKB tylko w metodzie sumowania dochodów
"Sprzedaż używanego samochodu nie jest wliczana ponownie do PKB, aby uniknąć:",podwójnego liczenia dobra już policzonego przy jego pierwotnej produkcji,zawyżenia salda handlu zagranicznego,zaniżenia wskaźnika inflacji,pomylenia inwestycji z konsumpcją
Krzywa Lorenza przedstawia graficznie:,stopień nierówności w rozkładzie dochodów (lub majątku) w społeczeństwie,zależność między ceną a wielkością popytu,poziom rozwoju gospodarczego danego kraju,zmiany PKB w czasie
Na osi poziomej wykresu krzywej Lorenza znajduje się skumulowany odsetek:,"ludności, uporządkowanej od najbiedniejszych do najbogatszych",dochodu narodowego kraju,przedsiębiorstw działających na rynku,wydatków budżetu państwa
We wzorze na PKB metodą wydatków (Y = C + I + G + NX) litera G oznacza:,"wydatki rządowe, z wyłączeniem płatności transferowych",wydatki gospodarstw domowych na dobra trwałego użytku,wartość dóbr wyprodukowanych przez sektor publiczny,sumę podatków płaconych przez przedsiębiorstwa
Dochód rozporządzalny gospodarstw domowych oblicza się jako:,dochód narodowy pomniejszony o podatki (Y − T),PKB pomniejszony o amortyzację,PNB powiększony o dochody z zagranicy,PKB podzielony przez liczbę mieszkańców
Kapitał ludzki + kapitał organizacyjny + kapitał kliencki to:,kapitał intelektualny przedsiębiorstwa,kapitał organizacyjny przedsiębiorstwa,kapitał strukturalny przedsiębiorstwa,wartość rynkowa przedsiębiorstwa
Składnikiem kapitału intelektualnego nie jest:,kapitał finansowy,kapitał ludzki,kapitał relacyjny,kapitał strukturalny
Kapitał intelektualny przedsiębiorstwa to:,różnica między wartością rynkową i wartością księgową przedsiębiorstwa,różnica między aktywami i pasywami przedsiębiorstwa,iloczyn przeciętnego zatrudnienia w przedsiębiorstwie i liczby zgłoszonych patentów,wartość wszystkich patentów i licencji przedsiębiorstwa
"Ludzki wysiłek fizyczny i umysłowy, a także wiedza i umiejętności wnoszone przez pracowników do przedsiębiorstwa, to w klasyfikacji czynników produkcji:",praca,kapitał,przedsiębiorczość,technologia
"Umiejętność dostrzegania potrzeb konsumentów oraz podejmowania decyzji o tym, jak zyskownie je zaspokoić, to czynnik produkcji nazywany:",przedsiębiorczością,pracą,kapitałem,technologią
"Środki pieniężne, maszyny, urządzenia i budynki wykorzystywane w produkcji zalicza się do kapitału:",finansowego i rzeczowego (materialnego),intelektualnego (niematerialnego),ludzkiego,relacyjnego
"Pierwszy na świecie wdrożony system pomiaru wartości kapitału intelektualnego, opracowany przez szwedzką firmę ubezpieczeniową, to:",Nawigator Skandii (Skandia Navigator),model Human Impact and Profit,wskaźnik HDI,wskaźnik Giniego
W modelu okrężnego obiegu dochodów gospodarstwa domowe najczęściej otrzymują pieniądze od przedsiębiorstw w zamian za:,pracę,kapitał,wpłacane podatki,produkty i usługi
W okrężnym obiegu dochodów przedsiębiorstwa uzyskują przychody przede wszystkim na:,"rynku dóbr i usług, sprzedając gospodarstwom domowym swoje produkty","rynku czynników produkcji, sprzedając pracownikom swoje usługi","rynku kapitałowym, emitując obligacje","rynku pracy, kupując siłę roboczą"
"Świadczenia takie jak emerytury czy zasiłki dla bezrobotnych, które państwo wypłaca gospodarstwom domowym bez otrzymania w zamian żadnego dobra lub usługi, nazywane są:",transferami budżetowymi,subsydiami,dochodem rozporządzalnym,dywidendami
"Jeżeli dynamika PKB spada, wzrasta inflacja i bezrobocie, to gospodarka znajduje się w:",fazie recesji,stanie równowagi,fazie ożywienia,fazie upadłości
"Koniunktura gospodarcza to wszelkie zmiany aktywności gospodarczej widoczne w podstawowych wskaźnikach ekonomicznych, do których należą m.in.:","PKB, PNB, inwestycje, konsumpcja, bezrobocie i inflacja",wyłącznie kurs walutowy i stopy procentowe NBP,wyłącznie liczba nowo zarejestrowanych spółek giełdowych,wyłącznie saldo bilansu handlu zagranicznego
Wahania poziomu aktywności gospodarczej wokół długookresowego trendu wzrostu gospodarki nazywamy:,cyklem koniunkturalnym,koniunkturą gospodarczą,wskaźnikiem wyprzedzającym koniunktury,trendem sekularnym
Fazy cyklu koniunkturalnego następują po sobie i z reguły powtarzają się:,co parę lub paręnaście lat,co miesiąc,co kilkadziesiąt–sto lat,w ściśle stałych odstępach czasu co do dnia
Model cyklu koniunkturalnego składający się tylko z dwóch faz – ekspansji i recesji – to model:,współczesny,klasyczny,strukturalny,sezonowy
Ograniczenie współczesnego cyklu koniunkturalnego do dwóch faz jest efektem między innymi:,"interwencji państw w gospodarkę oraz rozwoju sektora usług, bardziej odpornego na załamania niż przemysł",całkowitego zaniku wahań koniunkturalnych we współczesnych gospodarkach,wprowadzenia jednej wspólnej waluty na całym świecie,likwidacji sektora przemysłowego w krajach rozwiniętych
"W klasycznym, czterofazowym modelu cyklu koniunkturalnego fazy następują po sobie w kolejności:","recesja, depresja, ożywienie, rozkwit","depresja, recesja, rozkwit, ożywienie","ożywienie, rozkwit, recesja, depresja","rozkwit, recesja, depresja, ożywienie"
"Dolny punkt zwrotny klasycznego cyklu koniunkturalnego, w którym wskaźniki gospodarcze osiągają najniższy poziom, to:",depresja,recesja,ożywienie,rozkwit
"Fazę klasycznego cyklu koniunkturalnego, w której gospodarka odbija się od dna i wraca na ścieżkę wzrostu, nazywamy:",ożywieniem,recesją,depresją,rozkwitem
"Fazę klasycznego cyklu koniunkturalnego, w której wielkość produkcji przekracza linię długookresowego trendu i zmierza do szczytu wyznaczonego pełnym wykorzystaniem zdolności wytwórczych gospodarki, nazywamy:",rozkwitem (hossą),recesją,depresją,ożywieniem
"We współczesnym, dwufazowym modelu cyklu koniunkturalnego fazę spadku aktywności gospodarczej nazywamy:",recesją,depresją,ekspansją,rozkwitem
"Fazę wzrostu we współczesnym, dwufazowym modelu cyklu koniunkturalnego nazywamy:",ekspansją,rozkwitem,ożywieniem,depresją
"Krótkie, trwające do 4 lat cykle koniunkturalne, dotyczące głównie zmian cen surowców i sytuacji w rolnictwie, to cykle:",Kitchina i Cruma,Juglara,Kuznetsa,Kondratiewa
"Cykle koniunkturalne trwające 6–11 lat, związane z dekoniunkturą na rynku bankowym oraz zmianami inwestycji w kapitale trwałym, to cykle:",Juglara,Kitchina i Cruma,Kuznetsa,Kondratiewa
"Cykle trwające 15–23 lata, dotyczące głównie segmentu budownictwa oraz migracji ludności, to cykle:",Kuznetsa,Kitchina i Cruma,Juglara,Kondratiewa
"Najdłuższe, 45–60-letnie cykle koniunkturalno-strukturalne, wiązane z wielkimi falami innowacji, wojnami i rewolucjami, to cykle:",Kondratiewa (i Gelderna),Kitchina i Cruma,Juglara,Kuznetsa
Dobro wolne to dobro:,które w określonych warunkach występuje w niemal nieograniczonej ilości,"dostarczane przez państwo, które otrzymują wszyscy niezależnie od tego, czy płacą podatki, czy nie",którego sprzedaż rośnie wraz ze wzrostem ceny,z którego mogą korzystać wszyscy po uiszczeniu opłaty licencyjnej
Parą dóbr komplementarnych jest:,pióro i atrament,bilet do kina i bilet do teatru (na ten sam dzień),miesięczny bilet komunikacji miejskiej i karta do biblioteki,woda gazowana i woda niegazowana
Bilet do kina i bilet do teatru to przykład pary dóbr:,substytucyjnych,komplementarnych,neutralnych,wolnych
Efekt substytucyjny:,to zastępowanie jednego dobra drugim,to przeciwieństwo efektu komplementarnego,to zjawisko polegające na wypieraniu z rynku dóbr niższego rzędu,to zjawisko polegające na wypieraniu z rynku dóbr luksusowych
"Gdy elastyczność mieszana jest dodatnia, to:",mamy do czynienia z dobrami substytucyjnymi,mamy do czynienia z dobrami komplementarnymi,przy wzroście ceny danego dobra rośnie jego konsumpcja,przy wzroście ceny danego dobra maleje jego konsumpcja
"Dobra, w przypadku których istnieje możliwość wyłączenia z konsumpcji osób, które za nie nie płacą, i w przypadku których występuje konkurencyjność konsumpcji (kolejna osoba zmniejsza użyteczność pozostałych konsumentów), to dobra:",prywatne,klubowe,publiczne,wolne
W jaki sposób spadek ceny dobra wpłynie na dobro substytucyjne?,popyt na dobro substytucyjne zmniejszy się,podaż dobra substytucyjnego wzrośnie,popyt na dobro substytucyjne nie zmieni się,popyt na dobro substytucyjne wzrośnie
Dla dóbr niższego rzędu elastyczność dochodowa popytu jest:,ujemna,dodatnia,zerowa,równa elastyczności cenowej popytu
"Dobra, które muszą zostać wytworzone przez człowieka, ponieważ ich pozyskanie zużywa pracę lub zasoby, nazywamy dobrami:",ekonomicznymi,wolnymi,publicznymi,komplementarnymi
"Maszyny, surowce i budynki wykorzystywane w procesie wytwarzania kolejnych dóbr to dobra:",produkcyjne (kapitałowe),konsumpcyjne,wolne,komplementarne
"Dobra całkowicie niewyłączalne i nierywalizacyjne w konsumpcji, takie jak obrona narodowa, to dobra:",publiczne,prywatne,klubowe,wspólne
"Ławice ryb na wodach międzynarodowych, do których dostęp ma każdy, ale złowienie ryby przez jedną osobę zmniejsza pulę dostępną dla innych, to przykład dóbr:",wspólnych,publicznych,klubowych,prywatnych
"Zjawisko polegające na unikaniu płacenia za dobro publiczne w nadziei, że koszt poniosą inni, nazywa się efektem:",gapowicza,Veblena,kuli śnieżnej,tragedii wspólnego pastwiska
"Płatne kanały telewizyjne, z których korzystania łatwo wykluczyć osoby nieopłacające abonamentu, ale oglądanie ich przez jedną osobę nie zmniejsza satysfakcji innych widzów, to przykład dóbr:",klubowych,publicznych,wspólnych,prywatnych
"Dobra, na które popyt rośnie wyraźnie szybciej niż dochód konsumenta, to dobra normalne:",luksusowe,podstawowe,niższego rzędu,Giffena
Dla dóbr doskonale substytucyjnych krzywa obojętności przyjmuje kształt:,prostej linii,litery L,krzywej wypukłej względem początku układu współrzędnych,okręgu
Krzywa obojętności:,"określa kombinacje dwóch dóbr, które zaspokajają potrzeby konsumenta w jednakowym stopniu",ma nachylenie dodatnie,przedstawia koszty alternatywne,zależy od cen dóbr i usług
Z każdym zjedzonym pączkiem użyteczność krańcowa z konsumpcji pączków:,maleje,rośnie,nie zmienia się,wynosi 0
Z każdym zjedzonym kawałkiem szarlotki użyteczność krańcowa z konsumpcji szarlotki:,maleje,rośnie,nie zmienia się,wynosi 0
"Reguła decyzyjna, w której konsument wybiera jedną, najważniejszą cechę produktu i porównuje opcje tylko na jej podstawie, to reguła:",leksykograficzna,satysfakcji,kompensacyjna,sumowania użyteczności
"Konsument z góry ustala minimalny poziom wymagań dla danej cechy produktu i kupuje pierwszy produkt, który go spełnia, ignorując resztę oferty. Jest to reguła:",satysfakcji,leksykograficzna,kompensacyjna,dominacji
W regule kompensacyjnej wysoka ocena jednej cechy produktu (np. niska awaryjność) może:,zrekompensować braki w innej cesze (np. wysokim spalaniu),wykluczyć dany produkt z dalszych rozważań,zostać całkowicie pominięta przy podejmowaniu decyzji,zostać podwojona przy ocenie końcowej
"Zgodnie z teorią wyboru konsumenta, racjonalny konsument dąży do:",maksymalizacji użyteczności przy ograniczonych zasobach,minimalizacji wydatków niezależnie od uzyskanej satysfakcji,równomiernego podziału wydatków na wszystkie dostępne dobra,maksymalizacji liczby kupowanych jednostek dóbr
"Graficzne przedstawienie wszystkich kombinacji dwóch dóbr, które konsument może nabyć, wydając cały swój dochód przy danych cenach, to:",linia ograniczenia budżetowego,krzywa obojętności,krzywa Lorenza,krzywa popytu
Optymalny wybór konsumenta (równowagę konsumenta) wyznacza punkt:,styczności linii ograniczenia budżetowego z najwyżej położoną możliwą krzywą obojętności,przecięcia krzywej popytu z krzywą podaży,przecięcia dwóch różnych krzywych obojętności,początku układu współrzędnych na wykresie linii budżetowej
"Gospodarstwo domowe zarabia 100 zł, płaci 20 zł podatku, a z pozostałych 80 zł oszczędza 10 zł. Stopa konsumpcji tego gospodarstwa wynosi:","87,50%","12,50%",80%,10%
Zgodnie z prawem podaży:,"jeżeli cena dobra rośnie, to producenci są zainteresowani dostarczeniem większej ilości dobra na rynek","jeżeli cena dobra rośnie, to producenci są zainteresowani dostarczeniem mniejszej ilości dobra na rynek","jeżeli cena dobra spada, to producenci są zainteresowani dostarczeniem takiej samej ilości dobra na rynek",podaż na rynku jest stała
Zgodnie z prawem podaży:,"jeżeli cena dobra zwiększa się, to producenci są zainteresowani dostarczeniem większej ilości dobra na rynek","jeżeli cena dobra zmniejsza się, to producenci są zainteresowani dostarczeniem takiej samej ilości dobra na rynek","jeżeli cena dobra zwiększa się, to producenci są zainteresowani dostarczeniem mniejszej ilości dobra na rynek",podaż na rynku jest stała
"Informacja, że przy cenie 5 zł za gałkę lodziarnia zaoferuje na sprzedaż dokładnie 200 gałek lodów, to przykład:",wielkości podaży przy danej cenie,całej podaży lodów,elastyczności cenowej podaży,pozacenowej determinanty podaży
"Jeżeli wzrost ceny dobra o 1% powoduje wzrost wielkości podaży o więcej niż 1%, to podaż tego dobra jest:",elastyczna,nieelastyczna,doskonale nieelastyczna,jednostkowo elastyczna
"Podaż, przy której minimalny spadek ceny powoduje natychmiastowe wstrzymanie produkcji, nazywamy podażą:",doskonale elastyczną,doskonale nieelastyczną,jednostkowo elastyczną,nieelastyczną
"Sytuację, w której producenci oferują tę samą ilość dobra niezależnie od poziomu jego ceny, określa się jako:",brak elastyczności (podaż doskonale nieelastyczna),podaż doskonale elastyczna,podaż jednostkowo elastyczna,podaż ujemna
Wzrost cen surowców i energii potrzebnych do produkcji spowoduje przede wszystkim:,spadek podaży danego dobra,wzrost podaży danego dobra,brak wpływu na podaż tego dobra,wzrost popytu na dane dobro
Do pozacenowych determinant podaży nie należy:,cena samego dobra,koszty produkcji,technologia i innowacje,liczba producentów na rynku
Nałożenie przez państwo podatku na producentów danego dobra spowoduje przesunięcie krzywej podaży:,"w lewo, ponieważ podatek zwiększa koszty producentów","w prawo, ponieważ podatek zwiększa przychody budżetu","wzdłuż tej samej krzywej, bez jej przesunięcia",brak jakiejkolwiek zmiany podaży
Zgodnie z prawem popytu wzrost ceny produktu (przy założeniu ceteris paribus) powoduje:,zmniejszenie wielkości popytu na ten produkt,wzrost wielkości podaży tego produktu,zwiększenie wielkości popytu na ten produkt,zwiększenie wielkości popytu na substytuty tego produktu
Przesunięcie krzywej popytu na masło nie może być spowodowane przez:,spadek ceny masła,wzrost ceny margaryny,wzrost dochodów konsumentów,zmianę gustów konsumentów w odniesieniu do masła
W jaki sposób paradoks Veblena wpływa na relację między ceną a popytem na dobra luksusowe?,wzrost ceny może zwiększać popyt ze względu na efekt prestiżu,wzrost ceny prowadzi do spadku popytu,cena nie wpływa na popyt,spadek ceny zawsze zwiększa popyt
Jak paradoks Giffena wpływa na popyt na dobra niższego rzędu?,wzrost ceny może zwiększać popyt,wzrost ceny zmniejsza popyt,cena nie wpływa na popyt,spadek ceny zawsze zwiększa popyt
"Informacja, że przy cenie 15 zł konsumenci kupią 10 gałek lodów, a przy cenie 20 zł – tylko 5 gałek, to przykład:",wielkości popytu przy konkretnych poziomach ceny,całego popytu na lody,elastyczności cenowej popytu,pozacenowej determinanty popytu
"Jeżeli wzrost ceny dobra o 1% powoduje spadek wielkości popytu o więcej niż 1%, to popyt na to dobro jest:",elastyczny,nieelastyczny,doskonale nieelastyczny,jednostkowo elastyczny
"Popyt, przy którym minimalny wzrost ceny powoduje natychmiastowy spadek wielkości popytu do zera, nazywamy popytem:",doskonale elastycznym,doskonale nieelastycznym,jednostkowo elastycznym,nieelastycznym
"Sytuację, w której wielkość popytu na dobro w ogóle nie reaguje na zmianę jego ceny, określa się jako:",brak elastyczności (popyt doskonale nieelastyczny),popyt doskonale elastyczny,popyt jednostkowo elastyczny,popyt ujemny
"Wzrost ceny biletów do kina o 10% powoduje spadek liczby sprzedanych biletów dokładnie o 10%, a łączny przychód kina pozostaje bez zmian. Jest to przykład popytu:",o elastyczności jednostkowej,elastycznego,nieelastycznego,doskonale elastycznego
Do pozacenowych determinant popytu nie należy:,cena samego dobra,dochody konsumentów,gusta i preferencje konsumentów,oczekiwania co do przyszłych cen
Wzrost liczby urodzeń w kraju zwiększa popyt na artykuły dla niemowląt poprzez zmianę:,struktury demograficznej ludności,dochodów konsumentów,cen dóbr pokrewnych,oczekiwań co do przyszłych cen
"Ile wynosi cena równowagi na rynku zboża, jeżeli funkcja popytu na zboże określona jest wzorem Qd = 1250 – 2P, a funkcja podaży Qs = 650 + 3P, gdzie P to cena zboża?",120,400,600,1250
"Ile wynosi ilość równowagi na rynku zboża, jeżeli funkcja popytu na zboże określona jest wzorem Qd = 1250 – 2P, a funkcja podaży Qs = 650 + 3P, gdzie P to cena zboża?",1010,500,400,1250
"Ile wyniesie nadwyżka na rynku zboża, jeżeli funkcja popytu na zboże określona jest wzorem Qd = 1250 – 2P, a funkcja podaży Qs = 650 + 3P, a rząd wprowadzi cenę minimalną w wysokości 200 j.p.?",400,200,850,1250
"Na rynku wolnokonkurencyjnym funkcja popytu na dobro A wynosi QD = 2500 – 4P, a funkcja podaży QS = 500 + 4P, gdzie P to cena. Ceną równowagi na rynku dobra A jest:",250,100,1500,2000
"Ilość równoważąca rynek dobra A, dla którego QD = 2500 – 4P, a QS = 500 + 4P, to:",1500,100,250,2000
"Jeżeli na rynku dobra A (QD = 2500 – 4P, QS = 500 + 4P) państwo wprowadzi cenę minimalną 300, to:",powstanie nadwyżka dobra A w wysokości 400,nie nastąpi żadna zmiana wielkości popytu i podaży,powstanie deficyt dobra A w wysokości 400,"wystąpi równowaga rynkowa, ale przy większej ilości dobra A"
Wprowadzenie przez państwo ceny minimalnej na jabłka powyżej poziomu równowagi doprowadzi do:,nadwyżki jabłek na rynku,niedoboru jabłek na rynku,spadku cen jabłek na rynku,zrównania popytu na jabłka i ich podaży
Wprowadzenie ceny minimalnej na wieprzowinę może doprowadzić do:,wystąpienia nadwyżki wieprzowiny na rynku,obniżenia ceny wieprzowiny,zmniejszenia podaży wieprzowiny,zwiększenia popytu na wieprzowinę
Wprowadzenie przez państwo ceny minimalnej na dany towar może doprowadzić do:,powstania nadwyżki towaru na rynku,całkowitej wyprzedaży towaru na rynku,powstania niedoborów towaru na rynku,wybuchu strajku dostawców towaru
"Jedyny poziom ceny, przy którym wielkość zapotrzebowania konsumentów dokładnie pokrywa się z ilością oferowaną przez producentów, wyznacza:",punkt równowagi rynkowej,punkt nasycenia rynku,próg rentowności,punkt załamania popytu
"Aby cena maksymalna wywołała zamierzony skutek, państwo musi ją ustalić:",poniżej ceny równowagi rynkowej,powyżej ceny równowagi rynkowej,dokładnie na poziomie ceny równowagi,niezależnie od poziomu ceny równowagi
"Wprowadzenie przez państwo ceny maksymalnej na czynsze najmu w dużym mieście, ustalonej poniżej ceny równowagi, doprowadzi najprawdopodobniej do:",niedoboru mieszkań na wynajem,nadwyżki mieszkań na wynajem,spadku popytu na wynajem mieszkań,wzrostu podaży mieszkań na wynajem
Nieefektywność gospodarczą wynikającą z zablokowania przez odgórną kontrolę cen części potencjalnie opłacalnych transakcji rynkowych określa się mianem:,zbędnej straty społecznej,nadwyżki konsumenta,renty monopolowej,kosztu alternatywnego
"Funkcja popytu na truskawki: Qd = 900 – 3P, funkcja podaży: Qs = 300 + 2P (P – cena). Cena równowagi na tym rynku wynosi:",120,180,660,900
"Dla rynku truskawek (Qd = 900 – 3P, Qs = 300 + 2P) ilość równowagi wynosi:",540,660,120,300
"Jeżeli na rynku truskawek (Qd = 900 – 3P, Qs = 300 + 2P) rząd wprowadzi cenę maksymalną w wysokości 100, to na rynku powstanie:",niedobór w wysokości 100 sztuk,nadwyżka w wysokości 100 sztuk,niedobór w wysokości 40 sztuk,nadwyżka w wysokości 540 sztuk
W której z poniższych struktur rynkowych występuje najwięcej podmiotów?,konkurencja monopolistyczna,duopol,monopol,oligopol
"Związek przedsiębiorstw tej samej branży mający na celu ograniczenie ich wzajemnej konkurencji, aby zwiększyć zysk to:",kartel,koncern,syndykat,trust
Która z wymienionych organizacji międzynarodowych jest kartelem:,OPEC,ASEAN,NAFTA,WTO
"Struktura rynkowa, w której działa bardzo duża liczba producentów oferujących całkowicie homogeniczne (identyczne) produkty i niemających żadnego wpływu na cenę, to:",konkurencja doskonała,konkurencja monopolistyczna,oligopol,monopol
"Przedsiębiorstwo działające w warunkach konkurencji doskonałej, zmuszone zaakceptować cenę ukształtowaną przez rynek, nazywane jest:",cenobiorcą,cenotwórcą,monopolistą cenowym,liderem cenowym
"Struktura rynkowa, w której jedno przedsiębiorstwo samodzielnie ustala cenę swojego unikalnego produktu, niemającego bliskich substytutów, to:",monopol,oligopol,konkurencja monopolistyczna,konkurencja doskonała
"Kryterium, które NIE decyduje o tym, do jakiej struktury rynkowej należy dany rynek, to:",forma prawna przedsiębiorstw działających na rynku,liczba sprzedawców na rynku,stopień zróżnicowania oferowanych produktów,wysokość barier wejścia i wyjścia z rynku
"Rynek zdominowany przez niewielką liczbę dużych przedsiębiorstw, które silnie oddziałują na siebie przy ustalaniu cen i mają pokusę tworzenia zmów cenowych, to:",oligopol,konkurencja monopolistyczna,konkurencja doskonała,monopol naturalny
Miejskie sieci wodociągowe czy sieci przesyłu energii elektrycznej to klasyczne przykłady tzw. monopolu:,naturalnego,prawnego,surowcowego,technologicznego
"Proces nadawania produktom unikalnych cech (np. jakości, stylu, lokalizacji), dzięki któremu firma zyskuje pewien „minimonopol” na swój produkt, to:",różnicowanie,segmentacja rynku,integracja pionowa,pozycjonowanie marki
"Z koncepcji krzywej Laffera wynika, że wzrost stawki podatkowej:",może zmniejszyć dochody budżetowe,zawsze zmniejsza dochody budżetowe,zawsze zwiększa dochody budżetowe,zwiększa deficyt budżetowy
Krzywa Laffera pokazuje relacje między:,dochodami budżetowymi i wysokością podatków,wielkością bezrobocia i inflacją,inflacją i PKB,zmianą kursu walutowego i bilansem handlowym
Podatkiem bezpośrednim nie jest:,VAT,PIT,CIT,podatek od spadków i darowizn
Do podatków pośrednich zaliczamy:,akcyzę,CIT,WIG,PIT
Największy udział w dochodach budżetowych w Polsce stanowią:,podatki pośrednie,dochody z prywatyzacji,podatki bezpośrednie,zysk NBP
Co w Polsce jest źródłem największych dochodów państwa?,wpływy z podatków VAT,wpływy z podatków PIT,wpływy z podatków CIT,wpływy z akcyzy
Budżet państwa sporządzany jest na:,rok,całą kadencję parlamentu,dwa lata,okres zgodny z wieloletnią perspektywą finansową UE
Jednym z kryteriów wprowadzenia euro jest utrzymywanie deficytu budżetowego na odpowiednim poziomie. Zgodnie z kryteriami zbieżności deficyt budżetowy nie może przekroczyć:,3% PKB państwa ubiegającego się o wprowadzenie euro,3% wpływów do budżetu państwa ubiegającego się o przyjęcie euro,60% PKB państwa ubiegającego się o wprowadzenie euro,wysokości inflacji w państwie ubiegającym się o wprowadzenie euro
Dług publiczny to:,finansowe zobowiązanie państwa z tytułu zaciągniętych pożyczek,finansowe zobowiązanie części społeczeństwa z tytułu zaciągniętych pożyczek,finansowe zobowiązanie państwa z tytułu zaciągniętych pożyczek krajowych,finansowe zobowiązanie banku centralnego z tytułu zaciągniętych pożyczek zagranicznych
Funkcja polityki fiskalnej polegająca na wyrównywaniu różnic majątkowych w społeczeństwie przez system podatkowy i świadczenia socjalne to funkcja:,redystrybucyjna,alokacyjna,stabilizacyjna,fiskalna
Funkcja polityki fiskalnej polegająca na dostarczaniu przez państwo dóbr publicznych i korygowaniu negatywnych efektów zewnętrznych to funkcja:,alokacyjna,redystrybucyjna,stabilizacyjna,fiskalna
"Funkcja polityki fiskalnej polegająca na gromadzeniu dochodów budżetowych, głównie z podatków, aby państwo miało środki na funkcjonowanie, to funkcja:",fiskalna,alokacyjna,redystrybucyjna,stabilizacyjna
"Podatek PIT rozliczany według stałej stawki 19%, niezależnie od wysokości dochodu, bez kwoty wolnej i progów podatkowych, to podatek:",liniowy,progresywny (skala podatkowa),ryczałt od przychodów ewidencjonowanych,karta podatkowa
"Uproszczona forma opodatkowania, w której podatek płacony jest od przychodu bez odliczania kosztów, według stawki zależnej od branży, to:",ryczałt od przychodów ewidencjonowanych,podatek liniowy,karta podatkowa,skala podatkowa
W tzw. estońskim CIT podatek dochodowy od osób prawnych jest płacony:,dopiero w momencie wypłaty zysku wspólnikom,"co miesiąc, niezależnie od tego, czy zysk jest wypłacany","wyłącznie w formie zaliczek kwartalnych, bez rozliczenia rocznego","jednorazowo na koniec roku obrotowego, niezależnie od zysku"
"Zjawisko polegające na tym, że nadmierne pożyczanie pieniędzy przez państwo podnosi stopy procentowe i zmniejsza pulę kredytów dostępnych dla prywatnych firm, nazywa się efektem:",wypierania,mnożnikowym,kuli śnieżnej,zdzieranych zelówek
"Polityka fiskalna polegająca na niskich podatkach i wysokich wydatkach publicznych, stosowana zwykle w okresie recesji, to polityka:",ekspansywna,restrykcyjna,pasywna,monetarna
"Automatyczny spadek wpływów z podatku dochodowego w czasie recesji, który łagodzi spadek popytu bez żadnej nowej decyzji rządu, jest przykładem:",automatycznego stabilizatora koniunkturalnego (polityki pasywnej),polityki aktywnej (dyskrecjonalnej),efektu wypierania,krzywej Laffera
Dumping:,jest zabroniony przez prawo Unii Europejskiej,nie polega na eksportowaniu poniżej kosztów produkcji,nie jest stosowany w celu uzyskania nadwyżki bilansu handlowego,występuje powszechnie w handlu między Polską a Rosją
"Sprzedaż na rynku zagranicznym dóbr i usług poniżej ceny osiąganej na rynku krajowym, to:",dumping,benchmarking,franchising,lobbing
Subsydiowanie eksportu polega na:,dopłatach dla producentów towarów eksportowanych,ochronie wolnego handlu,zwolnieniu eksporterów z cła,zwolnieniu eksporterów z cła i ochronie wolnego handlu
Która z poniżej wymienionych swobód nie jest jedną z czterech swobód rynku Unii Europejskiej?,swoboda podatkowa,swoboda przepływu towarów,swoboda przepływu usług,swoboda przepływu kapitału
Który z instrumentów polityki handlowej wiąże się z wydatkami publicznych środków pieniężnych:,subsydia,kontyngent eksportowy,dumping,embargo
Która z wymienionych organizacji międzynarodowych jest kartelem:,OPEC,ASEAN,NAFTA,WTO
Które zdanie jest nieprawdziwe:,Wspólny rynek jest najwyższą formą integracji gospodarek różnych państw,Pierwszym etapem międzynarodowej integracji gospodarczej jest zniesienie ceł,Unia celna polega na swobodnym przepływie towarów pomiędzy państwami tworzącymi unię oraz na wspólnym kształtowaniu polityki celnej wobec państw zewnętrznych,Wspólny rynek jest głębszą formą integracji niż unia celna
Najgłębszą formą międzynarodowej integracji gospodarczej jest:,unia gospodarcza i walutowa,wspólny rynek,zniesienie ceł,unia celna
Wprowadzenie cła na towar X jest korzystne dla:,producentów krajowych towaru X i rządu,eksporterów towaru X i rządu,importerów towaru X i rządu,rządu i społeczeństwa
Instrumentem protekcjonizmu w handlu zagranicznym nie są:,podatki VAT,certyfikaty dopuszczenia produktu na rynek,cła,opłaty wyrównawcze
"W teorii przewag komparatywnych, dla uzyskania obustronnej korzyści międzynarodowego handlu, znaczenie ma:",względny stosunek kosztów produkcji dóbr,bezwzględny poziom nakładów,bezwzględny stosunek kosztów produkcji dóbr,bezwzględny poziom kosztów produkcji dóbr
Różnica między wartością eksportu a importu danego kraju nazywana jest:,eksportem netto,bilansem płatniczym,saldem handlowym brutto,deficytem handlowym
"Zgodnie z teorią przewagi absolutnej Adama Smitha, kraj powinien eksportować te dobra, które:",potrafi wytworzyć mniejszym nakładem pracy (taniej) niż inne kraje,"potrafi wytworzyć w największej ilości, niezależnie od kosztów produkcji",produkuje wyłącznie na potrzeby własnego rynku krajowego,importuje najdrożej spośród wszystkich towarów
"Kraj A potrzebuje 1h pracy na tonę pszenicy i 2h na samochód, a Kraj B potrzebuje 4h na pszenicę i 6h na samochód. Mimo że Kraj A jest bezwzględnie lepszy w produkcji obu dóbr, zgodnie z teorią przewagi komparatywnej powinien wyspecjalizować się w produkcji:","pszenicy, bo ma w niej niższy koszt alternatywny (2 tony pszenicy za samochód, mniej niż w Kraju B)","samochodów, bo ma w nich niższy koszt alternatywny niż Kraj B","obu dóbr jednocześnie, bez potrzeby handlu z Krajem B","tego dobra, które wymaga więcej godzin pracy"
"Pierwszym etapem międzynarodowej integracji gospodarczej, polegającym na zniesieniu ceł przy zachowaniu przez państwa niezależnej polityki handlowej wobec państw trzecich, jest:",strefa wolnego handlu,unia celna,wspólny rynek,unia gospodarcza i walutowa
"Etap integracji gospodarczej, który wprowadza wspólną taryfę celną i ujednoliconą politykę handlową wobec państw trzecich, to:",unia celna,strefa wolnego handlu,wspólny rynek,pełna integracja gospodarcza
"Etap integracji gospodarczej rozszerzający unię celną o cztery swobody przepływu – towarów, usług, kapitału i osób – to:",wspólny rynek,strefa wolnego handlu,unia celna,pełna integracja gospodarcza
"Traktaty Rzymskie, na mocy których powstała poprzedniczka Unii Europejskiej (Europejska Wspólnota Gospodarcza), zostały podpisane w roku:",1958,1973,1986,2004
"Największe pojedyncze rozszerzenie Unii Europejskiej, gdy jednocześnie dołączyło do niej 10 państw, w tym Polska, miało miejsce w roku:",2004,1958,1986,2013
"Porozumienie o wolnym handlu między Stanami Zjednoczonymi, Kanadą i Meksykiem, które w 2020 roku zastąpiło NAFTA, to:",USMCA,ASEAN,WTO,OPEC
"Upodabnianie się gustów konsumentów na całym świecie na skutek masowej turystyki, migracji ludności i globalnych koncernów nazywa się:",kalifornizacją potrzeb,dumpingiem,subsydiowaniem eksportu,protekcjonizmem
"Bank centralny prowadzi ekspansywną politykę pieniężną, jeśli:",obniża stopę rezerw obowiązkowych,podnosi stopę redyskontową,sprzedaje papiery wartościowe,zamraża stopy procentowe RPP
"Bank centralny prowadzi ekspansywną politykę pieniężną, jeśli:",obniża stopę rezerw obowiązkowych,obniża podatek od dochodów kapitałowych,podnosi stopę referencyjną,sprzedaje bankom komercyjnym papiery wartościowe
Funkcją pieniądza nie jest funkcja:,deprecjacji,tezauryzacji,miernika wartości,środka wymiany
Do podstawowych funkcji pieniądza nie należy:,funkcja dostosowawcza,funkcja tezauryzacji,funkcja środka wymiany,funkcja miernika wartości
Funkcja pieniądza związana z przechowywaniem i gromadzeniem bogactwa to funkcja:,środka tezauryzacji,miernika wartości,środka płatniczego,środka wymiany
Stawką referencyjną dla lokat międzybankowych w Polsce jest:,WIBOR,WIBID,LIBID,LIBOR
WIBOR 3M to:,"stopa procentowa, po jakiej banki są gotowe pożyczać sobie nawzajem środki w złotych na okres trzech miesięcy na rynku międzybankowym",podstawowa stopa procentowa Narodowego Banku Polskiego ustalana przez Radę Polityki Pieniężnej na okres trzech miesięcy,wskaźnik inflacji pokazujący tempo wzrostu cen w gospodarce w ciągu trzech miesięcy,"marża banku doliczana do oprocentowania kredytu hipotecznego, aktualizowana co trzy miesiące"
Do klasycznych instrumentów polityki pieniężnej nie zaliczamy:,ustalenia kursu walutowego,operacji otwartego rynku,poziomu rezerw obowiązkowych,wysokości centralnych stóp procentowych
Jakie instrumenty polityki pieniężnej są stosowane przez Narodowy Bank Polski (NBP) w celu wpływania na podaż pieniądza i poziom stóp procentowych?,"instrumenty pośrednie, perswazyjne i bezpośrednie",tylko instrumenty pośrednie i bezpośrednie,tylko transakcje depozytowo-kredytowe,tylko rezerwa obowiązkowa
Do podstawowych zadań banku centralnego nie należy:,prowadzenie działalności kredytowej dla firm i osób fizycznych,emitowanie pieniądza i regulowanie jego obiegu,prowadzenie rachunków banków komercyjnych oraz organizowanie rozliczeń między nimi,obsługa budżetu państwa oraz rachunków instytucji rządowych i centralnych
Które działanie należy do narzędzi restrykcyjnej polityki pieniężnej banku centralnego?,sprzedaż papierów wartościowych na otwartym rynku,obniżenie rezerwy obowiązkowej banków komercyjnych,obniżenie stóp procentowych,zwiększenie podaży pieniądza
Ile obecnie wynosi stopa rezerwy obowiązkowej NBP?,"3,50%","1,50%",10%,"5,10%"
Siedziba Europejskiego Banku Centralnego znajduje się w:,Frankfurcie nad Menem,Manchesterze,Barcelonie,Rotterdamie
NBP jako jedyna instytucja mająca prawo emitowania banknotów i monet pełni funkcję:,banku emisyjnego,banku banków,centralnego banku państwa,banku komercyjnego
Pełnienie roli organu nadzorczego wobec banków komercyjnych oraz funkcji „pożyczkodawcy ostatniej instancji” to funkcja NBP jako:,banku banków,banku emisyjnego,centralnego banku państwa,banku inwestycyjnego
W skład Rady Polityki Pieniężnej wchodzi łącznie:,"10 osób – prezes NBP oraz po 3 osoby powoływane przez Sejm, Senat i Prezydenta",9 osób powoływanych po równo przez trzy organy władzy,15 osób wybieranych w wyborach powszechnych,6 osób powoływanych wyłącznie przez rząd
Członków RPP będących zwolennikami restrykcyjnej polityki monetarnej i dążących do ograniczenia inflacji określa się mianem:,jastrzębi,gołębi,sów,byków
"Jeżeli stopa rezerwy obowiązkowej wynosi 10%, to mnożnik kreacji pieniądza wynosi:",10,"0,1",100,"1,1"
"Operacja, w której bank centralny kupuje papiery wartościowe, wpuszczając pieniądze na rynek, a banki komercyjne zobowiązują się je po pewnym czasie odkupić, to:",repo,reverse repo,swap walutowy,emisja bonów pieniężnych
"Najwyższa stopa procentowa NBP, wyznaczająca cenę awaryjnej pożyczki dla banku komercyjnego pod zastaw papierów wartościowych, to stopa:",lombardowa,referencyjna,depozytowa,redyskontowa
"Stopa procentowa, po jakiej bank komercyjny może zdeponować nadwyżkę gotówki w NBP na jedną noc (tzw. depozyt overnight), to stopa:",depozytowa,lombardowa,referencyjna,dyskontowa
"WIBOR zawsze mieści się w tzw. korytarzu stóp procentowych, którego górną i dolną granicę wyznaczają odpowiednio:",stopa lombardowa i stopa depozytowa,stopa referencyjna i stopa redyskontowa,stopa dyskontowa i stopa lombardowa,WIBID i stopa referencyjna
Cel inflacyjny Narodowego Banku Polskiego wynosi:,"2,5%, z dopuszczalnym odchyleniem o 1 punkt procentowy w górę lub w dół","0%, czyli całkowicie stabilne ceny",5% rocznie,10% rocznie
"WIBID różni się od WIBOR-u tym, że:","jest stopą, po jakiej bank zapłaci za pieniądze przyjęte w depozyt od innego banku, i jest zawsze niższy od WIBOR-u","dotyczy wyłącznie kredytów walutowych, a nie złotowych",jest zawsze wyższy od WIBOR-u,"jest ustalany bezpośrednio przez Radę Polityki Pieniężnej, a nie przez rynek"
"Agregat pieniężny obejmujący gotówkę w obiegu oraz rezerwy banków komercyjnych trzymane w banku centralnym, nazywany pieniądzem największej mocy, to:",M0 (baza monetarna),M1,M2,M3
Etatyzm:,to działalność gospodarcza państwa polegająca na zakładaniu przedsiębiorstw państwowych oraz regulowaniu życia gospodarczego za pomocą środków administracyjnych,"to działalność gospodarcza państwa wspierająca rozwój sektora prywatnego, a zwłaszcza małych i średnich przedsiębiorstw",to nurt ekonomiczny charakterystyczny obecnie dla krajów Europy Zachodniej,to inaczej leseferyzm
Co oznacza etatyzm jako jedna z doktryn dotyczących roli państwa w gospodarce?,ingerencję państwa w działalność gospodarczą,minimalizację ingerencji państwa i udziału budżetu w produkcie krajowym,ograniczenie utrzymywania przedsiębiorstw państwowych,zapewnienie niezależności banku centralnego i prowadzenie rygorystycznej polityki pieniężnej
Efekty zewnętrzne w gospodarce mają najczęściej charakter:,negatywny,pozytywny,neutralny,krótkotrwały
"Jak nazywa się jeden z największych amerykańskich ekonomistów, który zmarł w listopadzie 2006 r., twórca monetaryzmu, laureat nagrody im. Alfreda Nobla w dziedzinie ekonomii w 1976 r., zdecydowany propagator wolnego rynku?",Milton Friedman,Paul Samuelson,Peter F. Drucker,John Maynard Keynes
Państwo opiekuńcze to:,"państwo, które kładzie szczególny nacisk na rozwiązanie problemów społecznych",państwo z niskim poziomem interwencjonizmu państwowego,państwo z niskimi podatkami,państwo z niskimi wydatkami socjalnymi
Celem polityki gospodarczej państwa nie jest:,zwiększenie bezrobocia,zwiększanie konkurencyjności gospodarki,stymulowanie wzrostu gospodarczego,zmniejszanie inflacji
Prowadzenie przez rząd działań mających wpływać na całą gospodarkę – np. na ogólny poziom bezrobocia czy inflacji w kraju – to polityka gospodarcza na poziomie:,makroekonomicznym,mikroekonomicznym,sektorowym,regionalnym
"Politykę fiskalną i politykę pieniężną, dwa główne filary polityki makroekonomicznej, prowadzą odpowiednio:",rząd i bank centralny,bank centralny i rząd,parlament i sądy powszechne,prezydent i rząd
"Koncepcję „niewidzialnej ręki rynku”, według której jednostki dążące do własnego zysku nieświadomie przyczyniają się do wzrostu dobrobytu całego społeczeństwa, sformułował:",Adam Smith,Milton Friedman,John Maynard Keynes,David Ricardo
Podejście do polityki państwa zakładające ograniczenie aktywności gospodarczej państwa do niezbędnego minimum nazywa się:,leseferyzmem,etatyzmem,keynesizmem,monetaryzmem
"John Maynard Keynes uważał, że w sytuacji kryzysu gospodarczego państwo powinno:","aktywnie stymulować popyt za pomocą polityki fiskalnej, nawet kosztem deficytu budżetowego",ograniczyć się wyłącznie do kontroli podaży pieniądza przez bank centralny,całkowicie zrezygnować z interwencji i czekać na samoregulację rynku,przejąć własność wszystkich kluczowych przedsiębiorstw w gospodarce
"Zjawiska, z którymi mechanizm rynkowy nie potrafi sobie poradzić bez pomocy państwa, np. monopole czy brak dóbr publicznych, nazywamy:",zawodnościami (niesprawnościami) rynku,dodatnimi efektami zewnętrznymi,cyklami koniunkturalnymi,kryzysami strukturalnymi
"Zgodnie z zasadą leseferyzmu, w przypadku upadającej, nierentownej fabryki państwo powinno:","pozwolić jej zniknąć z rynku, aby zwolnione zasoby trafiły do bardziej efektywnych firm","dotować ją z budżetu państwa, aby uniknąć zwolnień pracowników",przejąć jej własność i zarządzać nią jako przedsiębiorstwem państwowym,nakazać jej połączenie z konkurencyjną firmą
Koszt alternatywny to:,"najkorzystniejsza alternatywa, z której zrezygnowano przy dokonywaniu konkretnego wyboru",koszt surowców wykorzystywanych w produkcji,koszt związany ze zwiększeniem produkcji danego dobra o dodatkową jednostkę,wartość najmniej cennej niewykorzystanej możliwości
Jaka jest cecha charakterystyczna dla gospodarki centralnie planowanej?,decyzje o produkcji i inwestycjach podejmowane przez władze centralne,wolny obrót dóbr,ceny wyznaczane przez popyt i podaż,wolny rynek
Stosowana w ekonomii zasada ceteris paribus oznacza:,przy pozostałych czynnikach niezmienionych,"co jest dobre dla jednostki, nie jest dobre dla ogółu",potrzeby ludzkie są nieograniczone,przy niezmiennych czynnikach produkcji
Sąd „Kawa pobudza” jest przykładem sądu ekonomicznego:,"pozytywnego – opisuje obiektywny, możliwy do zweryfikowania fakt",normatywnego – wyraża subiektywną ocenę,"mieszanego, łączącego opis z oceną","aksjomatycznego, przyjmowanego bez dowodu"
"Słowo „ekonomia”, utworzone przez Arystotelesa ze złożenia greckich słów oikos i nomos, oznaczało pierwotnie:",wiedzę o działalności w gospodarstwie domowym,naukę o podziale władzy w mieście-państwie,sztukę liczenia i rachowania monet,prawo regulujące handel między miastami
"Analiza tego, dlaczego dana firma na rynku jest monopolistą i nie ma konkurentów, należy do obszaru:",mikroekonomii,makroekonomii,ekonomii normatywnej,polityki gospodarczej państwa
W gospodarce rynkowej mechanizm rynkowy koordynuje działania producentów i konsumentów przede wszystkim poprzez:,decyzje ludzi o zakupie (lub nie) danego dobra po danej cenie,centralny plan produkcji ustalany przez rząd,odgórne ustalanie cen i wynagrodzeń przez państwo,kontyngenty importowe nakładane przez administrację
"Gospodarka, w której rynek kształtuje ceny, popyt i podaż, ale państwo dodatkowo zwalcza monopole, nakłada podatki i dostarcza dobra publiczne, to gospodarka:",mieszana,rynkowa (kapitalizm),centralnie sterowana,naturalna
"Zgodnie z myślą Johna Maynarda Keynesa, ekonomia jest przede wszystkim:","techniką myślenia, która pomaga wyciągać właściwe wnioski, a nie zbiorem faktów do zapamiętania","zbiorem sztywnych, niezmiennych praw rządzących gospodarką",nauką wyłącznie o pieniądzu i jego wartości,działem matematyki stosowanej w handlu
Które ze zdań jest przykładem asertywnej odmowy?,"Nie, nie pożyczę ci 50 złotych. Ostatnim razem, gdy ci pożyczyłem 30 złotych, na zwrot czekałem 2 tygodnie. Przykro mi.","Przepraszam, ale nie pożyczę ci 50 złotych. Nie mogę. Muszę zapłacić za zajęcia dodatkowe.","Nie pożyczę ci 50 złotych. Nigdy nie potrafisz oszczędzać. Zawsze wszystko wydajesz od razu, a później chodzisz i pożyczasz.","Nie wiem, czy ci pożyczę 50 złotych, bo nie wiem, czy mi je oddasz."
W klasyfikacji mocnych stron charakteru wg systemu wartości w działaniu (Values in Action) do cnót poznawczych nie zalicza się:,wytrwałości,ciekawości,kreatywności,zamiłowania do nauki
Który z poniższych elementów nie jest składową techniki asertywnej odmowy:,prośba o więcej czasu do namysłu i powrót do tematu przy najbliższej okazji,jasna informacja o podjętej decyzji,jasne wyartykułowanie odmowy poprzez powiedzenie „nie”,przytoczenie jednego konkretnego powodu odmowy
"Umiejętność wyszukiwania szczególnych zależności między różnymi elementami i łączenia ich w niespotykany sposób, wykraczająca poza wyuczony schemat myślenia, to:",kreatywność,innowacyjność,asertywność,przedsiębiorczość
"W odróżnieniu od kreatywności, będącej procesem myślowym, innowacyjność stanowi:",praktyczne wdrożenie pomysłu w życie,teoretyczne uzasadnienie pomysłu,wyłącznie generowanie nowych idei bez ich realizacji,ocenę ryzyka związanego z danym pomysłem
"Postawa, w której osoba atakuje rozmówcę, nie szanuje jego pozycji i eskaluje konflikt, to postawa:",agresywna,asertywna,uległa,neutralna
"Postawa polegająca na rezygnacji z dbania o własne prawa i godzeniu się na działania z lęku przed reakcją przełożonego, to postawa:",uległa,asertywna,agresywna,dominująca
"Wyrażenia asekuracyjne, takie jak „wiem, że to głupie pytanie...” czy „być może się mylę, ale...”, osłabiające komunikat i obniżające wiarygodność mówiącego, nazywane są:",językiem kobiecym,parafrazą,techniką kanapki,techniką „jestem słoniem”
"Technika „jestem słoniem”, stosowana w sytuacji ataku werbalnego, polega na:",spowolnieniu tempa reakcji i spokojnym przedstawieniu swojego stanowiska,"natychmiastowej, stanowczej ripoście na atak",całkowitym unikaniu odpowiedzi na atak,przyznaniu racji atakującemu bez dyskusji
"Biznesmen, który podejmuje działania wyłącznie wtedy, gdy oczekiwane zyski przewyższają ryzyko, reprezentuje postawę:",neutralną wobec ryzyka,z zamiłowaniem do ryzyka,awersji do ryzyka,obojętności wobec zysku
"Zgodnie ze slajdem, najbardziej pożądaną w biznesie postawą wobec ryzyka jest:","skłonność do ryzyka, ale nie na bardzo wysokim poziomie",całkowita awersja do jakiegokolwiek ryzyka,maksymalne zamiłowanie do ryzyka niezależnie od szans powodzenia,całkowita neutralność i obojętność wobec ryzyka
System wartości w działaniu (VIA) obejmuje 24 mocne strony charakteru pogrupowane w:,6 głównych cnót,4 główne cnoty,8 głównych cnót,12 głównych cnót
Cnoty obywatelskie w systemie VIA obejmują m.in.:,"sprawiedliwość, pracę zespołową i przywództwo","mądrość, kreatywność i ciekawość","odwagę, wytrwałość i uczciwość","umiarkowanie, skromność i samokontrolę"
Etyka biznesu może być ujmowana w teoretyczne ramy wielu stanowisk etyki czystej. Która z poniżej wymienionych etyk nie stanowi właściwego zaplecza teoretycznego dla etyki biznesu:,hedonizm,deontologia,etyka sumienia i odpowiedzialności,prakseologia
Utylitaryzm to stanowisko często przywoływane w etyce biznesu. Co jest jego tezą wiodącą?,maksymalizacja użyteczności,kreowanie dóbr moralnych,wypełnianie obowiązków moralnych,maksymalizacja szczęścia
Deontologia to dziedzina etyki znajdująca szczególne zastosowanie w etyce biznesu. Co jest jej wiodącym nakazem?,wypełnianie obowiązków moralnych,maksymalizacja użyteczności,kreowanie dóbr moralnych,maksymalizacja szczęścia
Najniższym szczeblem w piramidzie społecznej odpowiedzialności biznesu (CSR) Archiego B. Carrolla jest odpowiedzialność:,ekonomiczna,etyczna,prawna,filantropijna
"Piramida Carrolla, zwana piramidą odpowiedzialności, przedstawia czteropoziomowy model obejmujący odpowiedzialność:","ekonomiczną, prawną, etyczną, filantropijną","ekonomiczną, prawną, społeczną, polityczną","ekonomiczną, etyczną, polityczną, filantropijną","prawną, etyczną, społeczną, filantropijną"
Standardem społecznej odpowiedzialności odnoszącym się do zarządzania zasobami ludzkimi jest:,SA 8000,AA 1000,ISO 9001,ISO 14001
Poprawne rozwinięcie zasady 3R to:,"Reduce, Reuse, Recycle","Reduce, Reuse, Resolve","Reduce, Refuse, Recycle","Recycle, Refuse, Reduce"
Jakie działanie zajmuje pierwsze miejsce w hierarchii 3R postępowania z zasobami w gospodarce o obiegu zamkniętym?,redukcja,recykling,ponowne wykorzystanie,reorganizacja
Które z poniższych działań to przykład greenwashingu?,deklarowanie prośrodowiskowych właściwości czy parametrów produktu przy jednoczesnym braku potwierdzenia tych deklaracji w dostępnych danych czy certyfikatach,uwypuklenie istotnej pozytywnej cechy produktu,oferowanie zielonych produktów,uwzględnianie aspektów zrównoważonego rozwoju w marketingu mix
Whistleblowing to:,alarmowanie o nieprawidłowościach w instytucji lub firmie,proces zgłaszania nieprawidłowości w organizacji w celu osiągnięcia korzyści osobistych,procedura stosowana przez firmy do ukrywania nadużyć,forma marketingu opartego na zaufaniu klientów
Jakie podejście do zarządzania przedsiębiorstwem uwzględnia koncepcja 3E?,"uwzględniające zarówno generowanie zysków, jak i przestrzeganie norm etycznych",oparte na generowaniu zysków krótkoterminowych i długoterminowych,oparte na kreatywności i innowacyjności,podejście oparte wyłącznie na przestrzeganiu norm etycznych
"Żelazne prawo odpowiedzialności głosi, że:","ci, którzy w długim okresie nie korzystają ze swojej władzy w sposób uznany za odpowiedzialny, z czasem tę władzę stracą","każda firma musi generować zysk, by przetrwać na rynku",władza i odpowiedzialność są od siebie całkowicie niezależne,odpowiedzialność społeczna zawsze zmniejsza zyski firmy
"Zgodnie z zasadami W. Grunwalda, przedsiębiorstwo powinno kierować się m.in. zasadą maksymalnej użyteczności, opinią ekspertów oraz:",testem opinii społecznej,zasadą minimalizacji kosztów,zasadą maksymalizacji zysku za wszelką cenę,opinią wyłącznie zarządu spółki
"Strategia CSR polegająca na inicjowaniu zmian i wyprzedzaniu problemów społecznych, zanim pojawią się jakiekolwiek naciski zewnętrzne, to strategia:",proaktywna,bierna,reaktywna,interaktywna
"Strategia CSR, w której firma unika odpowiedzialności i nie reaguje na problemy społeczne, dopóki nie przerodzą się w otwarty konflikt, to strategia:",bierna,reaktywna,proaktywna,interaktywna
"Trzy filary ESG to Environmental, Social oraz:",Governance (ład korporacyjny),Growth (wzrost),Globalization (globalizacja),Guarantee (gwarancja)
"W odróżnieniu od CSR, które ma charakter jakościowy, ESG opiera swoją ocenę na:","konkretnych, mierzalnych wskaźnikach i twardych danych (np. ilości wyemitowanych gazów cieplarnianych)","wyłącznie dobrowolnych, niemierzalnych deklaracjach firmy",subiektywnej ocenie zarządu spółki,opiniach klientów zbieranych w ankietach
"Praktyka polegająca na celowym zatajaniu informacji o podejmowanych inicjatywach prośrodowiskowych z obawy przed kontrolą interesariuszy, to:",greenhushing,greencrowding,greenshifting,greenrinsing
"Praktyka polegająca na regularnym zmienianiu przez przedsiębiorstwo swoich celów ESG, zanim poprzednie zdążą zostać faktycznie osiągnięte, to:",greenrinsing,greenhushing,greencrowding,greenshifting
"Manipulacja wizerunkowa firm udających zaangażowanie w CSR, np. odwracanie uwagi od złych warunków pracy poprzez głośne akcje charytatywne, nazywana jest:",whitewashingiem,greenwashingiem,tokenizmem,greenshiftingiem
"Zgodnie z rozporządzeniem SFDR, fundusze mające jako główny, wprost określony cel osiągnięcie konkretnego, mierzalnego efektu ekologicznego lub społecznego, klasyfikowane są jako fundusze:",ciemnozielone (art. 9),neutralne (art. 6),jasnozielone (art. 8),szarozielone
"Standard określający zasady relacji z interesariuszami, etykę organizacji i audyt społeczny, to:",AA 1000,SA 8000,ISO 9001,ISO 14001
"Standard zarządzania środowiskowego, dotyczący działań proekologicznych przedsiębiorstwa, to:",ISO 14001,SA 8000,AA 1000,ISO 9001
Audyt etyczny przedsiębiorstwa rozpoczyna się od etapu:,"inicjatywy, czyli rozpoznania potrzeby przeprowadzenia audytu",powołania komitetu etycznego,przeprowadzenia właściwych działań zespołu,ewaluacji samego audytu
Indeks giełdowy WIG-ESG (dawniej Respect Index) na GPW zrzesza:,"60 największych spółek w Polsce, z WIG20 i mWIG40",wyłącznie spółki z WIG20,wszystkie spółki notowane na NewConnect,20 najmniejszych spółek giełdowych
Przykład parafrazowania to sformułowanie:,"„O ile cię dobrze zrozumiałem, to…”","„Mam wrażenie, że to cię zasmuciło”","„Nie pożyczę ci pieniędzy, bo nie mam pewności, że mi je oddasz”",„W jaki sposób chciałbyś to uzyskać?”
Która z poniższych zasad sprzyja dobrej komunikacji?,parafrazowanie,słuchanie w milczeniu,stosowanie języka dostosowanego do poziomu nadawcy,zadawanie pytań sugerujących
"Komunikat: „Historia, którą pani opowiada, jest niezwykle zajmująca. Proszę kontynuować, śmiało!” to przykład:",podążania,parafrazowania,odzwierciedlania,klaryfikacji
Które z zachowań nie będzie sprzyjać aktywnemu słuchaniu:,unikanie kontaktu wzrokowego,potwierdzające kiwanie głową,"wtrącenia takie jak: rozumiem, opowiedz więcej",zadawanie pytań otwartych
Technika kanapki wykorzystywana w konstruktywnej krytyce polega na:,"opakowaniu krytyki w pozytywne stwierdzenia zgodnie ze schematem: pozytywna informacja na początku, sformułowanie zastrzeżeń, pozytywna informacja na końcu","podzieleniu krytycznego stanowiska na mniejsze części i przedstawieniu kolejnych dopiero, gdy wcześniejsze zostaną zrozumiane",ułożeniu krytycznego stanowiska od najbardziej krytycznych sformułowań do najmniej krytycznych,ułożeniu krytycznego stanowiska od najmniej krytycznych sformułowań do najbardziej krytycznych
"Proces wymiany zakodowanych informacji między co najmniej dwiema osobami, w którym każda z nich naprzemiennie występuje w roli nadawcy i odbiorcy, to:",komunikacja interpersonalna,negocjacje,perswazja,indoktrynacja
"Reakcja odbiorcy na odebrany komunikat, zamykająca pętlę komunikacji, to:",sprzężenie zwrotne,kodowanie,dekodowanie,kanał przekazu
"Typ komunikacji niewerbalnej dotyczący dystansu fizycznego dzielącego nas od rozmówcy, to:",proksemika,kinezjetyka,parajęzyk,chronemika
"Typ komunikacji niewerbalnej dotyczący naszej punktualności, to:",chronemika,kinezjetyka,parajęzyk,proksemika
"Typ komunikacji niewerbalnej obejmujący ton, głośność i barwę głosu, to:",parajęzyk,kinezjetyka,proksemika,chronemika
"Dosłowne, obiektywne znaczenie słowa (np. „dom” jako fizyczny budynek) nazywamy:",denotacją,konotacją,parafrazą,klaryfikacją
"Emocje i skojarzenia, jakie wywołuje dane słowo (np. „dom” jako ciepło i bezpieczeństwo), zależne od osoby i kultury, nazywamy:",konotacją,denotacją,parafrazą,dekodowaniem
"Zgodnie z zasadami konstruktywnej krytyki, uwagi krytyczne powinny być przekazywane:","bezpośrednio po zaistniałym zdarzeniu, na bieżąco",dopiero po zakończeniu całego projektu,wyłącznie podczas rocznej oceny pracowniczej,po uprzednim skonsultowaniu z całym zespołem
"Zgodnie z zasadami konstruktywnej krytyki, ocenie powinny podlegać:","konkretne zachowania pracownika, a nie jego cechy osobowości",wyłącznie cechy osobowości pracownika,wyłącznie intencje pracownika,wyłącznie długoterminowe wyniki pracownika
"Zgodnie z zasadą uczciwej kłótni (Fair Fight), problemy w sporze należy:","rozwiązywać po kolei, jeden po drugim","rozwiązywać wszystkie naraz, dla oszczędności czasu","całkowicie ignorować, dopóki się same nie rozwiążą",przekazywać do rozstrzygnięcia osobie trzeciej
"Zgodnie z badaniami nad autoprezentacją, to jak inni nas odbierają zależy w największym stopniu od:",mowy ciała (55%),brzmienia głosu (38%),treści słów (7%),stroju i wyglądu zewnętrznego
Optymalny czas kontaktu wzrokowego podczas negocjacji lub prezentacji powinien wynosić:,od 30% do 60% czasu rozmowy,od 5% do 15% czasu rozmowy,od 70% do 100% czasu rozmowy,"dokładnie 50% czasu rozmowy, bez wyjątków"
"Codzienne, poranne spotkania pracowników z menedżerami, służące bieżącemu przekazywaniu informacji i podejmowaniu decyzji, nazywane są:",spotkaniami QAM (Quality Audit Meeting),Idea Boxami,burzą mózgów,technikami kanapki
"Sytuacja, w której co najmniej dwie wzajemnie zależne strony zauważają, że ich cele, zadania lub wartości są ze sobą sprzeczne, to:",konflikt,negocjacje,mediacja,kompromis
"Współczesne podejście do konfliktu w organizacji zakłada, że:",konflikt jest zjawiskiem naturalnym i może przyczynić się do podniesienia sprawności działania firmy,"konflikt jest wyłącznie zjawiskiem negatywnym, którego należy za wszelką cenę unikać",konflikt zawsze prowadzi do rozpadu zespołu,"im więcej konfliktu w organizacji, tym lepsza jej efektywność"
"Zgodnie z tzw. kołem konfliktu Moore'a, konflikt wynikający z braku informacji lub błędnej interpretacji danych, to konflikt:",danych,relacji,wartości,interesów
"Konflikt wynikający ze złej komunikacji, silnych emocji i stereotypów między współpracownikami, niezależnie od omawianego tematu, to konflikt:",relacji,danych,wartości,strukturalny
"Konflikt wynikający z odmiennych kryteriów oceny, religii i etyki (np. spór o pracę zdalną między pokoleniami), to konflikt:",wartości,danych,relacji,interesów
"Konflikt dotyczący zasobów, pieniędzy lub czasu, wynikający z naturalnej sprzeczności celów (np. sprzedawca i kupujący spierający się o cenę), to konflikt:",interesów,danych,relacji,wartości
"Konflikt wynikający z nierównego rozkładu władzy, zasobów lub struktury organizacji (np. brak zaktualizowanych procedur po zakupie nowych maszyn), to konflikt:",strukturalny,danych,relacji,wartości
"W klasycznym przebiegu konfliktu faza, w której narasta chęć zniszczenia przeciwnika, a strony utwierdzają się w słuszności swoich racji, to faza:",wybuchu,powstania,przebiegu,wyniku
"Najdłuższym etapem konfliktu, w którym można go rozstrzygnąć przez unikanie, uleganie, narzucanie, kompromis lub współpracę, jest faza:",przebiegu,powstania,wybuchu,wyniku
Nierozwiązany konflikt z czasem:,"eskaluje, przybierając na wykresie postać nieregularnie rosnącej w czasie linii",samoistnie wygasa bez żadnej interwencji,"pozostaje na stałym, niezmiennym poziomie",natychmiast przechodzi do fazy wyniku
"Sposób kierowania konfliktem polegający na dążeniu do osiągnięcia jak największych korzyści dla siebie, z całkowitym pominięciem interesów partnera, to styl:",rywalizacji (dominacji),kompromisu,unikania,przystosowania
"Sposób kierowania konfliktem skupiający się na oddzieleniu ludzi od problemu, eliminacji emocji i poszukiwaniu rozwiązania satysfakcjonującego wszystkie strony, to styl:",rozwiązywania problemów (win-win),rywalizacji,kompromisu,unikania
"Sposób kierowania konfliktem polegający na wzajemnych ustępstwach, prowadzący do szybkiego porozumienia, ale rzadko w pełni satysfakcjonujący którąkolwiek ze stron, to:",kompromis,rywalizacja,unikanie,przystosowanie
"Styl kierowania konfliktem zalecany głównie wtedy, gdy przedmiot sporu jest mało istotny lub szanse na jego rozwiązanie są bardzo małe, to:",unikanie,rywalizacja,kompromis,przystosowanie
"Styl kierowania konfliktem charakteryzujący się dużym zaufaniem do partnera i gotowością na daleko idące ustępstwa w celu utrzymania dobrych relacji, to:",przystosowanie (styl miękki),rywalizacja (styl twardy),kompromis,unikanie
"Metoda rozwiązywania konfliktu polegająca na wykorzystaniu neutralnej, bezstronnej osoby, która nie podejmuje decyzji, lecz pomaga stronom wypracować porozumienie, to:",mediacja,negocjacje,arbitraż,kompromis
"Metoda rozwiązywania konfliktu, w której spór rozstrzyga osoba trzecia narzucająca stronom wiążące rozwiązanie (np. Bankowy Arbitraż Konsumencki), to:",arbitraż,mediacja,negocjacje,kompromis
"Zgodnie z dwuczynnikową teorią Herzberga, prawdziwą motywację pracownika da się uzyskać jedynie dzięki:","czynnikom satysfakcji (np. możliwości awansu, uznaniu, sukcesom)","czynnikom higieny (np. wynagrodzeniu, warunkom pracy)",wyłącznie wysokości wynagrodzenia,wyłącznie jakości nadzoru przełożonego
"Kształtowanie czynników higieny (wynagrodzenie, warunki pracy, stosunki interpersonalne) w teorii Herzberga pozwala jedynie na:",zminimalizowanie niezadowolenia pracownika z pracy,"wywołanie prawdziwej, długotrwałej motywacji",zwiększenie kreatywności pracownika,całkowite wyeliminowanie potrzeby nadzoru
"Teoria D. McClellanda wyróżnia trzy kluczowe potrzeby: osiągnięć, władzy oraz:",przynależności,bezpieczeństwa,samorealizacji,uznania
"Zgodnie z teorią oczekiwań V. Vrooma, o poziomie naszej motywacji decydują dwa elementy: to, jak bardzo czegoś pragniemy, oraz:","to, jak oceniamy szanse na spełnienie tego pragnienia własnymi działaniami",wyłącznie wysokość oferowanej nagrody finansowej,wyłącznie opinia współpracowników na nasz temat,wyłącznie poziom trudności zadania
"Zgodnie z teorią atrybucji, ludzie tłumaczą efekty swoich działań, przypisując je własnym zdolnościom, włożonemu wysiłkowi, trudności zadania oraz:",szczęściu,opinii przełożonego,wysokości wynagrodzenia,porze dnia
"Teoria sprawiedliwości J.S. Adamsa głosi, że pracownicy nieustannie:",porównują swój wysiłek i wynagrodzenie z wysiłkiem i wynagrodzeniem innych osób w otoczeniu,dążą wyłącznie do maksymalizacji własnego wynagrodzenia,"ignorują to, jak są traktowani inni pracownicy",oceniają swoją pracę wyłącznie w oderwaniu od innych
W teorii wzmocnienia B.F. Skinnera metoda polegająca na nagradzaniu pożądanych zachowań pracownika nazywana jest:,pozytywnym wzmocnieniem,uczeniem unikania,wygaszaniem,karaniem
"W teorii wzmocnienia B.F. Skinnera metoda polegająca na osłabianiu niepożądanego zachowania poprzez brak nagrody za nie, nazywana jest:",wygaszaniem,pozytywnym wzmocnieniem,uczeniem unikania,karaniem
"W teorii wzmocnienia B.F. Skinnera metoda pozwalająca pracownikowi uniknąć niepożądanych skutków dzięki poprawnemu działaniu, nazywana jest:",uczeniem unikania,pozytywnym wzmocnieniem,wygaszaniem,karaniem
"Teoria Z W. Ouchiego uzupełnia teorie X i Y McGregora, zakładając, że:","ludzie są różni i kierują się rozmaitymi potrzebami, dlatego do każdego pracownika trzeba podejść indywidualnie",wszyscy pracownicy z natury unikają pracy i wymagają ścisłego nadzoru,wszyscy pracownicy naturalnie lubią pracować bez wyjątku,motywacja pracowników zależy wyłącznie od wysokości ich wynagrodzenia
"Świadczenia takie jak samochód służbowy, laptop czy finansowanie szkoleń, których wartość pracownik może łatwo przeliczyć na pieniądze, zaliczamy do narzędzi motywacji:",materialnych niepieniężnych,materialnych pieniężnych,niematerialnych,mieszanych
"Systemy kafeteryjne (np. Motivizer, MyBenefit), w których pracownik sam wybiera swoje benefity, są nowoczesną formą dystrybucji narzędzi motywacji:",materialnych niepieniężnych,materialnych pieniężnych,niematerialnych,wyłącznie finansowych
Włączanie pracowników w zarządzanie przedsiębiorstwem (empowerment/partycypacja) zaliczane jest do narzędzi motywacji:,niematerialnych,materialnych pieniężnych,materialnych niepieniężnych,mieszanych
Premie za osiągnięcie celów sprzedażowych zaliczane są do narzędzi motywacji:,materialnych pieniężnych,materialnych niepieniężnych,niematerialnych,mieszanych
Najlepszą pozycję negocjacyjną daje stronom:,silna BATNA,emocjonalne argumentowanie,wysoka gotowość do kompromisu,zaczynanie od niskich oczekiwań
W procesie negocjacji pojęcie BATNA (Best Alternative to a Negotiated Agreement) oznacza:,"najlepszą alternatywę, jaką strona może zrealizować, jeśli negocjacje zakończą się fiaskiem",maksymalny budżet na zakup,minimalną akceptowalną cenę,"najlepszą ofertę, jaką możemy przedstawić partnerowi"
"Umiejętność skłaniania ludzi do przyjęcia danego przekonania (wartości) poprzez oddziaływanie na ich sposób myślenia i zachowania, wykorzystywana jako narzędzie służące do zmiany stanowiska drugiej strony w negocjacjach, to:",umiejętność perswazji,asertywność,BATNA,indoktrynacja
Cechą dobrego negocjatora nie jest:,nieustępliwość,asertywność,empatia,kreatywność
Wręczenie osobie symbolicznego prezentu przed poproszeniem o datek w kweście ulicznej jest przykładem zastosowania:,techniki wzajemności,techniki autorytetu,techniki konsekwencji,techniki niedostępności
"Proces bezkrytycznego, jednostronnego wpajania określonych doktryn lub przekonań, często przy użyciu przymusu lub manipulacji, wykluczający konstruktywny dialog, to:",indoktrynacja,perswazja,asertywność,mediacja
"Konflikt oczekiwań i sposobów myślenia, pojawiający się, gdy człowiek trafia do nowego otoczenia kulturowego i doświadcza różnic między własną kulturą a normami nowego miejsca, to:",dysonans kulturowy,dysonans poznawczy,konflikt wartości,indoktrynacja
"Styl negocjacji polegający na dążeniu do maksymalizacji własnych korzyści kosztem partnera, to styl:",twardy,miękki,rzeczowy,integratywny
"Styl negocjacji polegający na poszukiwaniu rozwiązania korzystnego dla obu stron w oparciu o obiektywne kryteria, to styl:",rzeczowy,twardy,miękki,dystrybutywny
"Rezultat negocjacji, w którym żadna ze stron nie osiąga satysfakcjonującego wyniku, nazywany jest:",przegrana-przegrana (lose-lose),wygrana-wygrana (win-win),wygrana-przegrana (win-lose),remisem
"Model prowadzenia negocjacji traktujący je jako grę o sumie zerowej, w której dozwolone są manipulacje, blef i przekazywanie szczątkowych informacji, to model:",dystrybutywny,integratywny,kooperacyjny,rzeczowy
"Zasada dobrych negocjacji polegająca na umieszczaniu najsilniejszych argumentów na początku i na końcu rozmowy, dotyczy:",odpowiedniego szyku argumentacji,pakietyzacji,BATNA,oddzielenia ludzi od problemu
"Negocjowanie wielu zmiennych jednocześnie, zamiast rozpatrywania ich pojedynczo, nazywane jest:",pakietyzacją,dekalogiem ustępowania,techniką kontrastu,taktyką zdechłej ryby
"Taktyka negocjacyjna, w której jeden negocjator jest bardzo agresywny, a drugi uprzejmy, aby zachęcić oponenta do szybszych ustępstw, nazywana jest taktyką:",dobrego i złego policjanta,zdechłej ryby,protezy,małych-wielkich spraw
"Taktyka negocjacyjna polegająca na wysunięciu skrajnie wygórowanego żądania, z którego negocjator następnie wspaniałomyślnie rezygnuje w zamian za to, na czym zależało mu od początku, to:",taktyka zdechłej ryby,taktyka protezy,dobry i zły policjant,technika kontrastu
Tłumaczenie braku chęci ustępstw wymyślonymi czynnikami zewnętrznymi (np. „szef się nie zgodzi”) to taktyka:,protezy,zdechłej ryby,dobrego i złego policjanta,małych-wielkich spraw
"Taktyka negocjacyjna polegająca na powiększaniu wagi własnych ustępstw, a pomniejszaniu ustępstw drugiej strony, nazywana jest taktyką:",małych-wielkich spraw,zdechłej ryby,protezy,techniką niedostępności
"Osoba powolna, która nie dąży do żadnych zmian w życiu i jest zadowolona z tego, co osiągnęła, ma typ osobowości:",flegmatyka,choleryka,melancholika,sangwinika
Która cecha charakteryzuje osobowość sangwinika:,pozytywne nastawienie do świata,obwinianie innych za swoje niepowodzenia,nerwowe podejście do wykonywania zadań,umiejętność zarządzania swoim czasem
"W modelu wielkiej piątki osobowości czynnikiem, który określa towarzyskość, serdeczność, asertywność, aktywność i emocjonalność pozytywną, jest:",ekstrawersja,neurotyczność,sumienność,otwartość na doświadczenia
"Charakterystyczny i względnie stały sposób reagowania osoby na środowisko oraz wchodzenia z nim w interakcje, to:",osobowość,temperament,tożsamość,socjalizacja
"Typ osobowości wg Hollanda nastawiony na działanie praktyczne, preferujący pracę fizyczną i obsługę maszyn (np. mechanik, elektryk), to typ:",realistyczny,badawczy,artystyczny,konwencjonalny
"Typ osobowości wg Hollanda skoncentrowany na poznawaniu i analizowaniu świata, preferujący rozwiązywanie skomplikowanych problemów (np. naukowiec, programista), to typ:",badawczy,realistyczny,artystyczny,społeczny
"Typ osobowości wg Hollanda charakteryzujący się dużą wyobraźnią i potrzebą niezależności, unikający rutyny i sztywnych reguł (np. architekt, muzyk), to typ:",artystyczny,realistyczny,badawczy,konwencjonalny
"Typ osobowości wg Hollanda zorientowany na drugiego człowieka, czerpiący satysfakcję z pomagania i doradzania (np. nauczyciel, psycholog), to typ:",społeczny,przedsiębiorczy,konwencjonalny,artystyczny
"Typ osobowości wg Hollanda skupiony na osiąganiu celów organizacyjnych i finansowych, lubiący kierować ludźmi i negocjować (np. menedżer, handlowiec), to typ:",przedsiębiorczy,społeczny,badawczy,konwencjonalny
"Typ osobowości wg Hollanda preferujący pracę wysoce uporządkowaną, opartą na jasnych regułach i procedurach (np. księgowy, urzędnik), to typ:",konwencjonalny,realistyczny,przedsiębiorczy,badawczy
"Typ temperamentu wg Hipokratesa opisywany jako impulsywny ekstrawertyk, ambitny i odważny, często zajmujący stanowiska liderskie, to:",choleryk,sangwinik,flegmatyk,melancholik
"Typ temperamentu wg Hipokratesa opisywany jako wrażliwy introwertyk, powściągliwy i sumienny, o wysokich standardach wobec siebie i innych, to:",melancholik,choleryk,sangwinik,flegmatyk
"W modelu Wielkiej Piątki (OCEAN) wymiar określający tendencję do poszukiwania nowych wrażeń, ciekawość świata i kreatywność, to:",otwartość na doświadczenie,sumienność,ekstrawersja,ugodowość
"W modelu Wielkiej Piątki (OCEAN) wymiar dotyczący stopnia zorganizowania, wytrwałości i zdyscyplinowania w dążeniu do celów, to:",sumienność,otwartość na doświadczenie,ekstrawersja,neurotyczność
Osoby o niskiej sumienności w modelu OCEAN częściej wykazują:,"spontaniczność, prokrastynację i brak porządku",nadmierną punktualność i skrupulatność,wysoką odporność na stres,silną potrzebę rywalizacji
"W modelu Wielkiej Piątki (OCEAN) wymiar wskazujący na ogólne nastawienie do drugiego człowieka, empatię i dążenie do współpracy, to:",ugodowość,ekstrawersja,sumienność,neurotyczność
"W modelu Wielkiej Piątki (OCEAN) wymiar określający stabilność emocjonalną i podatność na negatywne emocje, lęk oraz wahania nastroju, to:",neurotyczność,ekstrawersja,ugodowość,sumienność
"Osoby o osobowości typu A, w odróżnieniu od typu B, charakteryzują się:","dużą ambicją, dążeniem do perfekcji i życiem w ciągłym pośpiechu i stresie",znacznym zrelaksowaniem i niskim poziomem stresu,unikaniem rywalizacji za wszelką cenę,całkowitym brakiem ambicji zawodowych
"Proces przyswajania przez człowieka norm danej grupy, obejmujący naukę języka, zasad higieny i kontroli emocji, odbywający się w najwcześniejszej fazie życia dziecka, to socjalizacja:",pierwotna,wtórna,kulturowa,zawodowa
"Tożsamość kształtująca się w późniejszych okresach życia, pod wpływem szkoły, rówieśników, pracy czy mediów (np. tożsamość zawodowa czy poglądy polityczne), to tożsamość:",wtórna,pierwotna,kulturowa,społeczna
Na najwyższym szczeblu hierarchii potrzeb Abrahama Maslowa znajdują się potrzeby:,samorealizacji,przynależności,szczęścia,uznania
Zgodnie z koncepcją hierarchii potrzeb A. Maslowa ludzie zaspokajają swoje potrzeby:,w określonej kolejności,dążąc do maksymalizacji dochodów osobistych,w sposób przypadkowy,w sposób wyznaczony przez pracodawcę
"Potrzeby, które wiążą się z utrzymaniem prawidłowych relacji z innymi ludźmi i poczuciem, że jest się częścią większej wspólnoty, to w hierarchii potrzeb Maslowa:",potrzeby przynależności,potrzeby fizjologiczne,potrzeby bezpieczeństwa,potrzeby uznania
Zgodnie z teorią potrzeb Abrahama Maslowa potrzeby przynależności do grupy:,są potrzebami wyższego rzędu,są najwyższą potrzebą,są najniższą potrzebą,są potrzebami niższego rzędu
"Hierarchia potrzeb Maslowa zakłada, że:",potrzeby niższego rzędu muszą być zaspokojone w pierwszej kolejności,potrzeby finansowe są najważniejsze dla każdego człowieka,potrzeby wyższego rzędu (np. samorealizacja) trzeba zaspokoić jako pierwsze,wszystkie potrzeby są zaspokajane jednocześnie
Wskaż zdanie nieprawdziwe.,Wszyscy ludzie mają taką samą hierarchię potrzeb.,Ludzkie potrzeby zmieniają się w czasie.,Ludzkie potrzeby są nieograniczone.,Potrzeby fizjologiczne są potrzebami niższego rzędu.
Do grupy potrzeb wyższego rzędu w piramidzie potrzeb A. Maslowa zalicza się:,"potrzeby przynależności do grupy, uznania oraz samorealizacji","potrzeby fizjologiczne, facylitacji społecznej","potrzeby przynależności do grupy oraz uznania, bezpieczeństwa","potrzeby bezpieczeństwa, uznania oraz samorealizacji"
"Subiektywnie odczuwany brak lub niezaspokojenie określonych warunków i rzeczy, które człowiek uważa za niezbędne do życia i prawidłowego rozwoju, to:",potrzeba,motywacja,wartość,cel
"Cecha ludzkich potrzeb polegająca na tym, że zaspokojenie jednej z nich prowadzi do powstania kolejnej, to:",nieograniczoność,subiektywizm,indywidualizm,różnorodność
Potrzeby bezpieczeństwa w organizacji zaspokajane są m.in. poprzez:,"stabilne zatrudnienie, ubezpieczenie oraz opiekę socjalną",dobrą atmosferę w zespole i relacje z przełożonymi,"awanse, pochwały i wyróżnienia",samodzielne podejmowanie nowych wyzwań zawodowych
Potrzeby uznania (szacunku) w organizacji realizowane są poprzez:,"awanse, pochwały i wyróżnienia, np. tytuł „pracownika miesiąca”",stabilne zatrudnienie i ubezpieczenie,dobrą atmosferę i relacje z przełożonymi,wynagrodzenie za wykonaną pracę
W teorii ERG potrzeby fizjologiczne i bezpieczeństwa odpowiadają kategorii:,E — Existential needs (potrzeb egzystencjalnych),R — Relatedness needs,G — Growth needs,żadnej z powyższych kategorii
W teorii ERG potrzeby uznania i samorealizacji z piramidy Maslowa odpowiadają kategorii:,G — Growth needs (potrzeb rozwoju),R — Relatedness needs,E — Existential needs,żadnej z powyższych kategorii
"Zgodnie ze slajdem, natężenie ludzkich potrzeb w ciągu życia przybiera kształt:","odwróconej litery U, z największym natężeniem w wieku średnim (25–60 lat)","stale rosnącej linii, niezależnej od wieku",stale malejącej linii od dzieciństwa do starości,"stałej, niezmiennej wartości przez całe życie"
Zmiana preferencji żywieniowych pod wpływem otoczenia społecznego i kulturowego (np. z wieprzowiny na dietę wegetariańską) jest przykładem wpływu na potrzeby czynnika:,otoczenia społecznego i kulturowego,postępu technologicznego,wieku i etapu życia,sytuacji materialnej
Technika służąca do analizy stosunków międzyludzkich zachodzących w zespołach pracowniczych to:,socjogram,burza mózgów,dyskusja 66,analiza morfologiczna
Ile ról w zespole wyróżnił Raymond Meredith Belbin – brytyjski teoretyk zarządzania specjalizujący się w zarządzaniu zespołami?,9,7,11,13
"Który z wzorów matematycznych opisuje zależność między liczbą podwładnych a liczbą interakcji w koncepcji V. A. Graicunasa (gdzie: R – liczba możliwych interakcji, n – liczba podwładnych)?",R = n × (2ⁿ⁻¹ + n–1),R = n² + 2n – 1,R = n × (n–1) / 2,R = 2ⁿ – 1
"Zespół, w odróżnieniu od grupy, tworzą osoby o:","zróżnicowanych kompetencjach, wspólnie realizujące cele dzięki efektowi synergii","identycznych kompetencjach, realizujące zadania dzięki efektowi skali","przypadkowym, niepowiązanych ze sobą celach",braku jakiejkolwiek wspólnej odpowiedzialności
"Optymalna liczebność zespołu, pozwalająca sprawnie koordynować działania przy zróżnicowanych kompetencjach członków, wynosi zazwyczaj:",od 5 do 12 osób,od 1 do 3 osób,od 20 do 30 osób,dokładnie 2 osoby
"Zjawisko, w którym wspólny rezultat pracy grupy jest znacznie większy niż suma rezultatów pracy indywidualnej (2+2=5), nazywamy:",efektem synergii,syndromem Apollo,efektem Hawthorne,ekonomią skali
"Synergia polegająca na obniżeniu kosztów produkcji dzięki wspólnym działaniom firm, to synergia:",operacyjna,rynkowa,administracyjna,technologiczna
"Synergia polegająca na wspólnym dotarciu do nowych rynków i klientów, to synergia:",rynkowa,operacyjna,administracyjna,technologiczna
"Paradoks, w którym zespół złożony z samych wybitnych jednostek (tzw. zespół gwiazd) osiąga słabe wyniki z powodu ciągłych sporów, odkryty przez dr Meredith Belbin, nazywany jest:",syndromem Apollo,efektem Hawthorne,efektem synergii,syndromem grupowego myślenia
"Rola zespołowa wg Belbina, zorientowana na działanie, opisywana jako lider napędzający zespół do działania i wywierający presję, to:",lokomotywa,realizator,perfekcjonista,koordynator
"Rola zespołowa wg Belbina, zorientowana na działanie, dbająca o szczegóły, wyłapująca błędy i pilnująca terminów, to:",perfekcjonista,lokomotywa,realizator,ewaluator
"Rola zespołowa wg Belbina, zorientowana na ludzi, łagodząca konflikty i budująca dobrą atmosferę w zespole, to:",dusza zespołu,koordynator,poszukiwacz źródeł,myśliciel
"Rola zespołowa wg Belbina, zorientowana na ludzi, organizująca pracę i dostrzegająca talenty innych, bez narzucania własnego zdania, to:",koordynator,dusza zespołu,poszukiwacz źródeł,lokomotywa
"Rola zespołowa wg Belbina, zorientowana na myślenie, będąca chłodnym analitykiem, który obiektywnie ocenia pomysły i kalkuluje ryzyko, to:",ewaluator,myśliciel (kreator),specjalista,poszukiwacz źródeł
"Rola zespołowa wg Belbina, zorientowana na myślenie, dostarczająca rzadkiej, bardzo wąskiej i specjalistycznej wiedzy, to:",specjalista,myśliciel (kreator),ewaluator,poszukiwacz źródeł
"W tradycyjnym cyklu życia zespołu zadaniowego (odmiennym od modelu Tuckmana) faza, w której dochodzi do pierwszych starć na tle podziału ról i przywództwa, to faza:",różnicowania,rozpoznania,integracji,kooperacji
"W tradycyjnym cyklu życia zespołu zadaniowego faza szczytowej efektywności, w której zgrany zespół płynnie współpracuje, to faza:",kooperacji,integracji,różnicowania,dryfowania
"W tradycyjnym cyklu życia zespołu zadaniowego faza, w której pojawia się rutyna, znużenie i spadek motywacji, to faza:",dryfowania,kooperacji,integracji,załamania
Za pomocą socjogramu nie można ocenić:,systemu motywacyjnego ani stylu kierowania preferowanego przez przełożonego,grup nieformalnych w zespole,osób izolowanych lub skonfliktowanych,pozycji lidera nieformalnego
"Zbyt silne skoncentrowanie się pracownika na jednym, wąskim segmencie zadań w wyniku specjalizacji grozi utratą z pola widzenia większych celów oraz:",wypaleniem zawodowym przy długotrwałym wykonywaniu powtarzalnych czynności,nadmierną kreatywnością i innowacyjnością,zbyt szybkim awansem zawodowym,utratą wszystkich dotychczasowych kompetencji
"Krzywa formalizacji pokazuje, że efektywność organizacji wraz ze wzrostem liczby przepisów:","rośnie tylko do pewnego optymalnego momentu, a potem zaczyna spadać",rośnie bez ograniczeń wraz ze wzrostem liczby przepisów,"maleje od samego początku, niezależnie od liczby przepisów",pozostaje zawsze na stałym poziomie
"Zgodnie z zasadą 60:40 przy planowaniu harmonogramu pracy, na realizację zaplanowanych działań należy przeznaczyć:","60% czasu, pozostawiając 40% jako bufor na sytuacje nieprzewidziane","100% czasu, bez pozostawiania żadnego buforu","40% czasu, pozostawiając 60% jako bufor",50% czasu na zadania i 50% na przerwy
"Zespoły przekrojowe (cross-functional teams), łączące ekspertów z różnych obszarów wokół wspólnego projektu, charakterystycznie funkcjonują m.in. w strukturze:","macierzowej, procesowej oraz turkusowej",wyłącznie w strukturze liniowej,wyłącznie w strukturze funkcjonalnej,"wyłącznie w małych, jednoosobowych firmach"
"Koncepcja zakładająca, że główną motywacją ludzkich zachowań jest reakcja na bodźce z otoczenia, kształtowana przede wszystkim przez system kar i nagród, to koncepcja:",behawiorystyczna,psychodynamiczna,poznawcza,humanistyczna
"Koncepcja zakładająca, że ludzkie działanie jest uwarunkowane przez nieświadome, często przeciwstawne sobie popędy, to koncepcja:",psychodynamiczna,behawiorystyczna,poznawcza,humanistyczna
"Zgodnie z koncepcją psychodynamiczną, sposobem walki z przeciwstawnymi, nieświadomymi popędami jest:",psychoterapia,system kar i nagród,samorealizacja,aktywna obserwacja otoczenia
"Koncepcja zakładająca, że człowiek aktywnie obserwuje otoczenie, analizuje dane i na tej podstawie podejmuje racjonalne, świadome decyzje, to koncepcja:",poznawcza,behawiorystyczna,psychodynamiczna,humanistyczna
"Głównym przedstawicielem koncepcji humanistycznej, twórcą hierarchicznej teorii potrzeb, jest:",Abraham Maslow,B.F. Skinner,Zygmunt Freud,Jean Piaget
"Zgodnie z koncepcją humanistyczną, tym co motywuje ludzi, jest dążenie do zaspokojenia potrzeb:",ułożonych w określonej kolejności (hierarchii),zaspokajanych w sposób całkowicie przypadkowy,wyłącznie potrzeb materialnych,wyłącznie nieświadomych popędów
Konflikt ról w organizacji to:,"sytuacja, w której jedna osoba musi odgrywać sprzeczne lub wzajemnie wykluczające się role lub spełniać sprzeczne oczekiwania",brak jasności co do zakresu obowiązków na danym stanowisku,niezgodność między celami pracownika a celami firmy,"sytuacja, w której dwie osoby rywalizują o to samo stanowisko"
Funkcja i zestaw zadań przypisanych do danej osoby nazywamy:,rolą,statusem,pozycją,tożsamością
"Role otrzymywane niezależnie od woli i starań jednostki (np. bycie synem, córką, wiekiem, płcią) to role:",przypisane,osiągane,formalne,nieformalne
"Role zdobywane dzięki własnym staraniom, wyborom i kwalifikacjom (np. lekarz, kierownik, student) to role:",osiągane,przypisane,ogólnospołeczne,rodzinne
"Role wynikające z oficjalnych struktur, regulowane przepisami lub prawem (np. policjant, dyrektor, poseł) to role:",formalne,nieformalne,przypisane,grupowe
"Role wynikające z dynamiki grupy i wzajemnych sympatii, nieopisane w żadnych regulaminach (np. dusza towarzystwa, lider) to role:",nieformalne,formalne,osiągane,ogólnospołeczne
Rola pełniona wobec całego społeczeństwa (np. bycie obywatelem) to rola:,ogólnospołeczna,grupowa,rodzinna,formalna
Najostrzejszym przykładem konfliktu ról w środowisku organizacyjnym jest praca w strukturze:,"macierzowej, gdzie pracownik podlega jednocześnie kierownikowi funkcjonalnemu i projektowemu","liniowej, gdzie pracownik ma tylko jednego przełożonego","sieciowej, opartej na współpracy niezależnych podmiotów","turkusowej, opartej na pełnym zaufaniu i partnerstwie"
"Napięcie wewnątrz roli, wynikające ze stawiania przed pracownikiem celów niemożliwych do zrealizowania z przyczyn od niego niezależnych, ma źródło w:",sprzecznościach obiektywnych na stanowisku,braku równowagi między pracą a życiem osobistym,konflikcie ról,efekcie Golema
"Intensywna praca w zespole kosztem odpoczynku i życia osobistego, stwarzająca przeciążenie wewnątrz pełnionej roli, jest przykładem:",braku równowagi (work-life balance) jako źródła napięcia wewnątrz roli,sprzeczności obiektywnych na stanowisku,konfliktu ról,efektu domina
"Pozytywny stres, który mobilizuje organizm, poprawia koncentrację i motywuje do osiągania celów w sytuacjach postrzeganych jako wyzwanie, to:",eustres,dystres,chroniczny stres emocjonalny,wypalenie zawodowe
"Negatywny stres, pojawiający się, gdy wymagania otoczenia przewyższają nasze zdolności, prowadzący do wyczerpania organizmu, to:",dystres,eustres,coping,prewencja wtórna
"W odróżnieniu od dystresu, eustres charakteryzuje się:","wysokim poczuciem kontroli i przekonaniem, że sobie poradzimy",niskim poczuciem kontroli i poczuciem przytłoczenia,wyłącznie długotrwałym czasem trwania,wyłącznie negatywnym wpływem na energię organizmu
"Rodzaj stresu, który najczęściej dotyka osoby pracujące w zawodach wymagających ciągłego kontaktu z ludźmi (np. nauczycieli, lekarzy) i prowadzi do wypalenia zawodowego, to:",chroniczny stres emocjonalny (długotrwały),eustres,stres związany z presją czasu,dystres krótkotrwały
"Rodzaj stresu charakterystyczny dla osób o osobowości typu A, ambitnych i nastawionych na rywalizację, zwiększający u nich ryzyko zawałów serca, to stres:",wynikający z presji czasu (związany z osobowością),chroniczny stres emocjonalny,eustres,dystres krótkotrwały
Indywidualne strategie radzenia sobie ze stresem nazywane są:,copingiem,prewencją,wypaleniem zawodowym,dystansowaniem się
"Strategia radzenia sobie ze stresem polegająca na dostrzeganiu dobrych i jasnych stron sytuacji stresowej, aby zmniejszyć subiektywne poczucie straty, to:",pozytywne przewartościowanie,dystansowanie się,konfrontacja,eliminowanie czynnika stresogennego
"Strategia radzenia sobie ze stresem polegająca na podejmowaniu świadomych wysiłków mających na celu odsunięcie od siebie problemu, to:",dystansowanie się,pozytywne przewartościowanie,konfrontacja,łagodzenie przykrych doznań
"Uznawana za najskuteczniejszą strategię radzenia sobie ze stresem, polegająca na podejmowaniu konkretnych działań mających na celu całkowite usunięcie stresującego problemu, to:",eliminowanie czynnika stresogennego,dystansowanie się,pozytywne przewartościowanie,poszukiwanie wsparcia społecznego
"Strategia radzenia sobie ze stresem stosowana, gdy eliminacja stresora jest niemożliwa, obejmująca np. techniki relaksacyjne i akceptację problemu, to:",łagodzenie przykrych doznań,eliminowanie czynnika stresogennego,konfrontacja,dystansowanie się
"Strategia radzenia sobie ze stresem polegająca na walce o ochronę własnego stanowiska i dążeniu do osiągnięcia wytyczonego celu mimo przeciwności, to:",konfrontacja,dystansowanie się,łagodzenie przykrych doznań,pozytywne przewartościowanie
"Program profilaktyczny nastawiony na zapobieganie wystąpieniu stresu, zanim się pojawi (np. eliminowanie stresorów ze środowiska pracy), to prewencja:",pierwotna (I stopnia),wtórna (II stopnia),trzeciego stopnia (III stopnia),wtórna i trzeciego stopnia łącznie
"Program profilaktyczny ukierunkowany na ograniczenie negatywnych skutków już istniejącego stresu, np. poprzez treningi radzenia sobie ze stresem, to prewencja:",wtórna (II stopnia),pierwotna (I stopnia),trzeciego stopnia (III stopnia),żadna z powyższych
"Program profilaktyczny nastawiony na leczenie, rehabilitację i zapobieganie nawrotom problemu (np. pomoc psychologiczna dla pracowników dotkniętych wypaleniem), to prewencja:",trzeciego stopnia (III stopnia),pierwotna (I stopnia),wtórna (II stopnia),żadna z powyższych
Do prognozowania przyszłości w metodzie delfickiej wykorzystuje się:,oceny ekspertów,metodę ekstrapolacji trendów,scenariusze przyszłości,sztuczną inteligencję
Który z elementów otoczenia nie jest uwzględniany w analizie PEST:,siła oddziaływania dostawców,zmiany prawne,zjawiska gospodarcze zachodzące w danym kraju,zjawiska społeczne
"PEST to narzędzie planowania, które służy do analizy czynników otoczenia organizacji. Akronim PEST oznacza:","Political, Economic, Social, Technical","Political, Economic, Societal, Trade","Politeness, Ecology, Society, Technology","Policy, Economic, Sociology, Transport"
Analiza PEST jest:,metodą badania makrootoczenia,jedną z najważniejszych metod stosowanych w działalności marketingowej,analizą pięcioczynnikową wykorzystywaną do wyznaczania celów,koncepcją zarządzania jakością
"Które z narzędzi do analizy strategii koncentruje się na opracowywaniu różnych wizji przyszłości, aby wspomóc firmę w planowaniu strategicznym?",metoda scenariuszowa,analiza SWOT,analiza pięciu sił Portera,metoda delficka
Która z poniższych cech nie charakteryzuje metody delfickiej?,bezpośrednia dyskusja między ekspertami,anonimowość opinii ekspertów,wieloetapowość,statystyczne opracowanie wyników
"Kroki badania ankietowego w metodzie delfickiej, uporządkowane w odpowiedniej kolejności, obejmują:","zdefiniowanie problemu, wybór grona ekspertów, przygotowanie i wysłanie ankiety, analizę odpowiedzi zwrotnych","zdefiniowanie problemu, analizę odpowiedzi zwrotnych, przygotowanie i wysłanie ankiety, wybór grona ekspertów","przedstawienie wyników, analizę odpowiedzi zwrotnych, wybór grona ekspertów, zdefiniowanie problemu","wybór grona ekspertów, zdefiniowanie problemu, przygotowanie i wysłanie ankiety, analizę odpowiedzi zwrotnych"
"Klasyczną analizę PEST poszerzono o czynniki środowiskowe i prawne, tworząc analizę:",PESTEL,STEEP,SWOT,QUEST
W analizie PESTEL czynnik środowiskowy (Environmental) obejmuje m.in.:,zmianę klimatu i dostępność surowców,inflację i stopy procentowe,prawo pracy i istniejące przepisy,demografię i zmiany stylu życia
"Scenariusz zakładający kontynuację obecnych trendów rynkowych (np. utrzymanie stóp procentowych na obecnym poziomie), to scenariusz:",najbardziej prawdopodobny,optymistyczny,pesymistyczny,niespodziankowy
"Scenariusz dotyczący zdarzeń nagłych i gwałtownych, których nie da się przewidzieć (np. nagłego pojawienia się nowej technologii czyniącej produkt przestarzałym), to scenariusz:",niespodziankowy,najbardziej prawdopodobny,optymistyczny,pesymistyczny
Metoda QUEST (Quick Environmental Scanning Technique) jest stosowana szczególnie w sytuacji:,"gwałtownych, nieprzewidywalnych zdarzeń (tzw. czarnych łabędzi), np. pandemii",stabilnego i przewidywalnego otoczenia rynkowego,"planowania rutynowych, powtarzalnych decyzji operacyjnych",długoterminowego planowania bez potrzeby szybkiej reakcji
"W odróżnieniu od metody delfickiej, metoda QUEST opiera się na:",bezpośrednim spotkaniu i burzy mózgów ekspertów,pełnej anonimowości i braku bezpośredniego kontaktu ekspertów,wieloetapowych ankietach przeprowadzanych korespondencyjnie,wyłącznie analizie danych historycznych bez udziału ekspertów
"Sytuacja, w której trend w firmie i w otoczeniu idzie w tym samym kierunku, a firma posiada zasoby i strategię odpowiadającą na zmiany zewnętrzne, to w analizie luki strategicznej:",luka zgodności,luka nadmiaru,luka niedoboru,luka informacyjna
"Sytuacja, w której potencjał organizacji przewyższa wymagania otoczenia (np. produkt Google Glass, na który rynek nie był gotowy), to w analizie luki strategicznej:",luka nadmiaru,luka zgodności,luka niedoboru,luka informacyjna
"Sytuacja, w której tempo zmian w otoczeniu jest szybsze niż tempo rozwoju organizacji (np. Nokia niedostosowująca się do popytu na telefony dotykowe), to w analizie luki strategicznej:",luka niedoboru,luka zgodności,luka nadmiaru,luka informacyjna
Analiza pięciu sił Portera pozwala określić:,"atrakcyjność sektora, w którym działa przedsiębiorstwo",pięć najbardziej dochodowych produktów przedsiębiorstwa,rentowność przedsiębiorstwa,próg rentowności przedsiębiorstwa
"Siła oddziaływania dostawców wzrasta, gdy:",w sektorze działa coraz mniej dostawców,istnieje wiele substytutów produktów oferowanych przez dostawców,nabywcy mogą zacząć oferować produkty i usługi oferowane dotychczas przez dostawców,w sektorze działa jeden nabywca
Model 5 sił Portera służy do:,analizy atrakcyjności danej branży i opłacalności działania w niej,oceny strategicznych jednostek biznesowych,oceny słabych i mocnych stron organizacji na tle branży,oceny sprawności operacyjnej organizacji
Model pięciu sił Portera służy do analizy:,oceny atrakcyjności sektora,cyklu życia produktu,środowiska makroekonomicznego,wewnętrznych zasobów przedsiębiorstwa
Siła oddziaływania nabywców nie zależy od:,szybkości zmian technologicznych,łatwości i kosztu zmiany dostawcy,stopnia koncentracji sektora nabywcy,niepowtarzalności produktu
"W analizie konkurencji model pięciu sił Portera zakłada, że presja substytutów rośnie, gdy:",konsumenci łatwo przechodzą na alternatywy,substytuty są droższe niż produkt branży,substytuty mają niską elastyczność cenową,bariery wejścia do branży są wysokie
Mapa grup strategicznych to:,graficzna prezentacja pozycji konkurencyjnej przedsiębiorstw w sektorze w odniesieniu do dwóch wybranych parametrów konkurencji,graficzna prezentacja strategii przedsiębiorstwa w pogrupowaniu na cele etapowe,graficzna prezentacja mocnych i słabych stron przedsiębiorstwa,graficzna prezentacja powiązań między spółkami holdingu strategicznego
"Jakie bariery są najkorzystniejsze dla przedsiębiorstwa o silnej pozycji konkurencyjnej niebędącego w sektorze, ale zainteresowanego wejściem do sektora:",niskie bariery wejścia,wysokie bariery wejścia,niskie bariery wyjścia,wysokie bariery wyjścia
"Rywalizacja wewnątrz sektora wzrasta, gdy tempo wzrostu sektora jest:",niskie,wysokie,stabilne,nieistotne dla poziomu rywalizacji
"Im wyższe bariery wejścia do sektora, tym sektor jest:","bardziej atrakcyjny, ponieważ nowi konkurenci nie pojawią się łatwo","mniej atrakcyjny, ponieważ ogranicza to rozwój istniejących firm","neutralny, bo bariery wejścia nie wpływają na atrakcyjność",mniej stabilny finansowo
W punktowej ocenie atrakcyjności sektora wskaźnik ROI (zwrot z inwestycji) należy do kategorii czynników:,finansowych,sektorowych,techniczno-organizacyjnych,prawnych
"W mikrootoczeniowej analizie interesariuszy grupa o dużym oddziaływaniu, ale małym zaangażowaniu (np. banki, aktywizujące się dopiero gdy ich interesy są zagrożone), to interesariusze:",potencjalnie aktywni,kluczowi,afektywni,marginalni
"Zalecaną strategią wobec interesariuszy afektywnych (małe oddziaływanie, duże zaangażowanie, np. media) jest:",informowanie,ścisłe współdziałanie,podtrzymanie zadowolenia,minimalizacja kontaktu
"Interesariusze powiązani z organizacją poprzez umowy, tacy jak klienci, dostawcy czy instytucje finansowe, to interesariusze:",kontraktowi,substanowiący,kontekstowi,kluczowi
"Pracownicy i właściciele, którzy stanowią o sile organizacji i mają bezpośredni wpływ na jej funkcjonowanie, to interesariusze:",substanowiący,kontraktowi,kontekstowi,marginalni
Kluczowym czynnikiem sukcesu dla sektora producentów odzieży sportowej nie jest:,wzrost dochodów konsumentów,dostęp do kapitału,silna marka,udział w rynku
Do metod badania potencjału strategicznego przedsiębiorstwa nie zalicza się:,metody scenariuszowej,metody kluczowych czynników sukcesu,metody bilansu strategicznego,metody łańcucha wartości przedsiębiorstwa
Kluczowym czynnikiem sukcesu dla sieci lodziarni oferujących naturalne wyroby nie jest:,wzrost dochodów klientów,jakość oferowanego produktu,wizerunek firmy,lokalizacja lodziarni
Do czterech kategorii czynników strategicznych w analizie SWOT zalicza się:,"mocne strony, słabe strony, szanse, zagrożenia","mocne strony, słabe strony, wyzwania, możliwości","siły, słabości, odpowiedzialność, tożsamość","walory, wyzwania, odpowiedzi, trudności"
"Strategia agresywna (MAXI-MAXI) w analizie SWOT jest zalecana, gdy:","wewnątrz organizacji przeważają mocne strony, a w otoczeniu występują liczne szanse",firma ma same słabe strony w groźnym otoczeniu,"otoczenie jest pełne zagrożeń, ale firma jest silna","firma jest słaba, ale rynek dynamicznie rośnie"
W modelowym łańcuchu wartości wg M. E. Portera do funkcji pomocniczych nie zalicza się:,marketingu i sprzedaży,zarządzania zasobami ludzkimi,zaopatrzenia,infrastruktury przedsiębiorstwa
"W klasycznym łańcuchu wartości M. E. Portera, która z poniższych kategorii działań zaliczana jest do działań wspomagających, a nie podstawowych?",infrastruktura przedsiębiorstwa,logistyka w sferze zaopatrzenia,operacje,marketing i sprzedaż
Analiza łańcucha wartości to:,analiza procesów wewnętrznych przedsiębiorstwa i identyfikacja działań tworzących wartość,badanie sekwencji historycznych wydarzeń w przedsiębiorstwie,metoda badania ruchu produktów na rynku,analiza zmian cen surowców na rynku światowym
Kluczowe Czynniki Sukcesu (KCS) muszą być:,"specyficzne dla danej branży, bo nie istnieje jedna uniwersalna lista",identyczne dla wszystkich branż i sektorów gospodarki,ustalane wyłącznie przez rząd i regulatorów rynku,niezależne od specyfiki konkurencji w sektorze
"Szczegółowy audyt wszystkich obszarów przedsiębiorstwa (finansów, marketingu, logistyki, HR, IT), zlecany zazwyczaj zewnętrznej firmie konsultingowej dla zachowania obiektywności, to:",bilans strategiczny,metoda kluczowych czynników sukcesu (KCS),analiza łańcucha wartości,analiza SWOT
"Strategia konkurencyjna (WO, mini-maxi) w analizie SWOT jest zalecana, gdy:","firma ma słabe strony, ale w otoczeniu pojawiają się szanse, które może wykorzystać do ich przezwyciężenia",firma ma mocne strony i działa w otoczeniu pełnym szans,"firma ma mocne strony, ale w otoczeniu dominują zagrożenia",firma ma słabe strony i działa w otoczeniu pełnym zagrożeń
"Strategia konserwatywna (ST, maxi-mini) w analizie SWOT polega na:",wykorzystaniu mocnych stron firmy do minimalizowania wpływu zagrożeń w otoczeniu,wykorzystaniu szans do przezwyciężenia słabych stron firmy,maksymalizacji korzyści z szans przy pomocy mocnych stron,redukcji działalności i wycofaniu się z rynku
"Strategia defensywna (WT, mini-mini) w analizie SWOT, stosowana w najgorszej sytuacji firmy, obejmuje działania takie jak:","redukcja działalności, cięcie kosztów, a nawet wycofanie się z rynku","ekspansja, rozwój i intensywne inwestycje",restrukturyzacja wewnętrzna połączona z selektywnym wykorzystaniem szans,utrzymanie pozycji i poszukiwanie bezpieczniejszych rynków
"W odróżnieniu od klasycznej analizy SWOT, analiza TOWS:","zaczyna się od czynników zewnętrznych (zagrożeń i szans), a dopiero potem przechodzi do czynników wewnętrznych",analizuje wyłącznie czynniki wewnętrzne firmy,pomija całkowicie szanse i zagrożenia płynące z otoczenia,jest tożsama ze SWOT i różni się jedynie nazwą
Elementem Lean Canvas nie jest:,harmonogram realizacji projektu,problem,kanały dostępu,struktura przychodów
Który element jest propozycją wartości w modelu Business Model Canvas:,dostosowanie do indywidualnych potrzeb,wielostronna platforma,prowizje z tytułu pośrednictwa,sklepy partnerskie
Biznesplan jest narzędziem służącym:,skonkretyzowaniu planów strategicznych firmy,promocji firmy,budowaniu wizerunku firmy,uwiarygodnieniu przyjętych założeń
Które stwierdzenie dotyczące biznesplanu jest prawdziwe?,Biznesplan może uwzględniać wiele wariantów realizacji pomysłu biznesowego,"Biznesplan jest dokumentem, który zawiera opis realizacji pomysłu biznesowego, ocenę zagrożeń oraz ocenę finansową",Każdy biznesplan jest przedstawiany do oceny bankom lub innym instytucjom finansującym,"Struktura biznesplanu powinna być dostosowana do specyfiki pomysłu, ale zawsze musi mieć taki sam układ"
"Element biznesplanu umieszczany na samym początku dokumentu, mimo że pisze się go zawsze jako ostatni, to:",streszczenie menadżerskie,charakterystyka przedsiębiorstwa,analiza rynku i otoczenia,analiza i plan finansowy
Autorami koncepcji Business Model Canvas (BMC) są:,Alexander Osterwalder i Yves Pigneur,Ash Maurya i Steve Blank,Michael Porter i Philip Kotler,Eric Ries i Peter Thiel
"Business Model Canvas opisuje model biznesowy firmy za pomocą dziewięciu elementów, obejmujących cztery główne sfery działalności:","ofertę, klienta, infrastrukturę oraz finanse","produkcję, sprzedaż, marketing oraz logistykę","kapitał, pracę, ziemię oraz przedsiębiorczość","przychody, koszty, aktywa oraz pasywa"
Propozycję wartości typu jakościowego stanowi m.in.:,kompleksowa obsługa i pozytywne doświadczenia klienta,niższa cena produktu,krótszy czas realizacji usługi,redukcja kosztów dla klienta
"Lean Canvas, stworzony przez Asha Mauryę jako uproszczona wersja BMC z myślą o startupach, kładzie większy nacisk na:",sam problem klienta i sposób jego rozwiązania,rozbudowaną strukturę partnerstw i kluczowych zasobów,relacje z klientami i kanały dystrybucji,strukturę kosztów i strumienie przychodów
"Pierwsza, uproszczona wersja produktu, posiadająca jedynie najważniejsze funkcjonalności, tworzona w celu weryfikacji założeń modelu biznesowego przy minimalnym nakładzie pracy, to:",MVP (Minimum Viable Product),BMC (Business Model Canvas),Lean Canvas,prototyp finalny
Wykres Ishikawy służy do:,ustalania przyczyn niepożądanego zjawiska,ustalania celu przedsiębiorstwa,wygenerowania pomysłów rozwiązań problemu decyzyjnego,skrócenia czasu realizacji przedsięwzięcia
Zgodnie z zasadą Pareto:,20% poświęcanego czasu przekłada się na 80% efektów,30% poświęcanego czasu przekłada się na 70% efektów,40% poświęcanego czasu przekłada się na 60% efektów,50% poświęcanego czasu przekłada się na 50% efektów
Zgodnie z zasadą Pareto około 20% najlepszych klientów będzie generowało:,około 80% przychodów ze sprzedaży,około 20% marży netto,około 50% kosztów obsługi wszystkich klientów,"tyle samo zysku netto, co 80% pozostałych klientów"
Technika służąca do analizy stosunków międzyludzkich zachodzących w zespołach pracowniczych to:,socjogram,analiza morfologiczna,burza mózgów,dyskusja 66
Która nazwa nie jest zamiennie stosowana z terminem diagram Ishikawy?,schemat szyszkowy,diagram rybiej ości,diagram przyczynowo-skutkowy,schemat jodełkowy
W diagramie Ishikawy zdefiniowany problem jest zapisywany na:,poziomym wektorze,osi Y,pierwszym rozgałęzieniu diagramu,centralnym kole diagramu
Założeniem metody 635 (brainwritingu) jest udział … uczestników.,6,3,5,635
Który parametr opisuje decyzje strategiczne:,szeroki zakres tematyczny informacji,wąski zakres tematyczny informacji,duża szczegółowość,mała szczegółowość
Do technik podejmowania decyzji przydatnych na etapie projektowania rozwiązań zalicza się m.in.:,analogie Gordona,arkusze identyfikacji problemu,arkusze danych,diagram Pareta
Trzy etapy procesu decyzyjnego w przedsiębiorstwie to:,"rozpoznanie problemu, projektowanie rozwiązań, wybór wariantu","planowanie, organizowanie, kontrolowanie","analiza SWOT, analiza PEST, wybór strategii","burza mózgów, głosowanie, wdrożenie"
"Decyzje dotyczące spraw podobnych, powtarzających się z pewną regularnością, podejmowane szybko w oparciu o istniejące procedury, to decyzje:",programowalne (rutynowe),nieprogramowalne (twórcze),strategiczne,taktyczne
"Decyzje długoterminowe, rzutujące na perspektywy rozwoju całej firmy, wymagające szerokiego zakresu informacji przy małej szczegółowości, to decyzje:",strategiczne,taktyczne,operacyjne,programowalne
"Decyzja kierownika magazynu o kolejności pakowania dzisiejszych zamówień, tak aby kurier zdążył je odebrać przed 16:00, jest przykładem decyzji:",operacyjnej,taktycznej,strategicznej,nieprogramowalnej
"W teorii gier decyzje, w których jedna strona zyskuje dokładnie tyle, ile traci druga, nazywamy decyzjami o sumie:",zerowej,dodatniej,ujemnej,nieskończonej
"Syndrom grupowego myślenia (groupthink) polega na tym, że:","członkowie zespołu dążą za wszelką cenę do zgody kosztem racjonalnej oceny sytuacji, ignorując sprzeczne fakty",każdy członek zespołu podejmuje decyzję niezależnie od innych,zespół zawsze konsultuje decyzje z zewnętrznymi ekspertami,grupa systematycznie poszukuje opinii sprzecznych z własnymi
"Zgodnie z zasadą 4F efektywnego procesu decyzyjnego, litera „F” oznaczająca gotowość na innowacje i wprowadzanie natychmiastowych zmian to:",Flexibility (elastyczność),Focus (skupienie),Fast (szybkość),First (pierwszeństwo)
W burzy mózgów (technice Osborna) obowiązuje żelazna zasada:,bezwzględnego zakazu krytykowania zgłaszanych pomysłów,obowiązku natychmiastowej oceny każdego pomysłu,ograniczenia liczby zgłaszanych pomysłów do trzech na osobę,konieczności uzasadnienia każdego pomysłu danymi liczbowymi
Metoda Phillips 66 (Buzz session) polega na podziale większego zespołu na grupy liczące:,"6 osób, z których każda ma dokładnie 6 minut na dyskusję","3 osoby, z których każda ma 5 minut na dyskusję","10 osób, z których każda ma 10 minut na dyskusję","6 osób, z których każda ma 35 minut na dyskusję"
Technika znajdowania pomysłów poprzez szukanie analogii i skojarzeń (np. inspirowanie kształtu pociągu dziobem zimorodka) nazywa się:,analogią Gordona (synektyką),burzą mózgów Osborna,techniką brainwriting 635,metodą Phillips 66
"Odmiana analogii Gordona, w której decydent osobiście utożsamia się z analizowanym obiektem lub procesem (np. inżynier wyobrażający sobie, że jest zużytą częścią silnika), to analogia:",antropomorficzna (osobista),bezpośrednia,symboliczna,fantastyczna
"Zogniskowany wywiad grupowy (FGI) to spotkanie prowadzone przez moderatora, w którym uczestniczy zazwyczaj:","6–10 osób swobodnie dyskutujących o produkcie, marce czy pomyśle",dokładnie 2 osoby prowadzące bezpośrednią debatę,ponad 100 osób wypełniających ankietę indywidualnie,wyłącznie eksperci komunikujący się anonimowo poprzez kwestionariusze
"Technika twórczego myślenia polegająca na rozłożeniu problemu na czynniki i wypisaniu wszystkich możliwych opcji dla każdego z nich, a następnie łączeniu ich w nowe warianty, to:",analiza morfologiczna,ekstrapolacja trendów,analogia Gordona,technika delficka
"Metoda wspomagająca podejmowanie decyzji, przedstawiająca możliwe warianty decyzji i ich konsekwencje w formie rozgałęziającego się diagramu, to:",drzewo decyzyjne,diagram Ishikawy,diagram Pareto,macierz Eisenhowera
"Metoda ekonometryczna polegająca na symulowaniu ekstremalnych warunków kryzysowych, aby sprawdzić, jak zachowa się organizacja, to:",stress-testy,analiza ABC,drzewo decyzyjne,arkusz identyfikacji problemu
"Pierwszym etapem metody design thinking, polegającym na głębokim zrozumieniu potrzeb i problemów użytkowników, jest:",empatyzacja (Empathize),definiowanie problemu (Define),generowanie pomysłów (Ideate),testowanie (Test)
"W analizie ABC grupa A (kluczowa) stanowi zazwyczaj ok. 10–20% liczby pozycji, ale odpowiada za:",ok. 70–80% wartości (np. przychodów),ok. 5–10% wartości,ok. 30–40% wartości,dokładnie 50% wartości
"Zjawisko, w którym sprzedawca samochodu używanego zna ukryte usterki pojazdu, a kupujący nie, jest przykładem:",asymetrii informacji,luki informacyjnej,negatywnej selekcji,pokusy nadużycia
"Zjawisko, w którym po wykupieniu ubezpieczenia klient zaczyna zachowywać się bardziej ryzykownie, ponieważ wie, że ewentualne koszty poniesie ubezpieczyciel, to:",pokusa nadużycia (moral hazard),negatywna selekcja (adverse selection),asymetria informacji,luka informacyjna
Zjawisko negatywnej selekcji (adverse selection) na rynku ubezpieczeń występuje:,"przed zawarciem umowy (na etapie ex-ante), gdy osoby o wysokim ryzyku chętniej zgłaszają się po ubezpieczenie",po zawarciu umowy (na etapie ex-post),wyłącznie na rynku kredytowym,nigdy na rynku ubezpieczeniowym
"Proces angażowania pracowników w podejmowanie decyzji dotyczących organizacji i umożliwienie im brania odpowiedzialności za swoje działania, co przekłada się na świadomość kosztów, poczucie przynależności, wzrost wydajności oraz poprawę relacji w zespole, to:",empowerment,coaching,proces selekcji,proces adaptacji pracownika
Formą mobbingu w miejscu pracy nie jest:,upomnienie pracownika za złą pracę,utrudnianie pracownikowi komunikowania z otoczeniem,powierzanie pracownikowi zadań niewspółmiernych do jego kompetencji,wydawanie sprzecznych poleceń
Formą mobbingu w miejscu pracy jest:,szkalowanie pracownika,upomnienie pracownika za złą pracę,"nagradzanie pracownika za rzeczy, które zrobił źle",zachęcanie pracownika do pracy
Metoda MBO dotyczy:,zarządzania przez cele,zarządzania przez wyniki,zarządzania przez innowacje,zarządzania przez komunikację
"Funkcja kierownicza polegająca na świadomym wyborze kierunku działania oraz celów, a także sposobów ich osiągania, to:",planowanie,organizowanie,motywowanie,kontrolowanie
"Funkcja kierownicza polegająca na ustaleniu, co, w jaki sposób, kiedy i przez kogo ma zostać wykonane, to:",organizowanie,planowanie,motywowanie,kontrolowanie
"Typ kierownika opisywany jako pragmatyk nastawiony na natychmiastowe działanie, wdrożenie i realne rezultaty, to typ:",praktyczny,fantasta,logiczny,entuzjasta
Rola kierownicza polegająca na reprezentowaniu organizacji na zewnątrz (np. udziale w uroczystym otwarciu nowego zakładu) należy do kategorii ról:,interpersonalnych,informacyjnych,decyzyjnych,technicznych
"Rola kierownicza polegająca na rozwiązywaniu konfliktów między podwładnymi to rola osoby przeciwdziałającej zakłóceniom, należąca do kategorii:",decyzyjnej,interpersonalnej,informacyjnej,technicznej
"Władza wynikająca z pozycji zajmowanej w strukturze organizacyjnej, a nie z cech osobistych, to władza:",prawomocna (formalna),nagradzania,przypisywana,ekspercka
Władza przysługująca komuś z racji posiadanych informacji lub kompetencji to władza:,ekspercka,prawomocna (formalna),nagradzania,przypisywana
Błędy kierownika związane z podejmowaniem decyzji i strategią działania firmy (np. brak planowania płynności finansowej) nazywamy błędami:,twardymi,miękkimi,systemowymi,proceduralnymi
Delegowanie uprawnień na niższe szczeble struktury organizacyjnej nazywamy:,decentralizacją,centralizacją,empowermentem,kładką Fayola
"Styl kierowania w siatce Blake'a i Moutona (1,1), nazywany biernym lub zubożonym, charakteryzuje się:","brakiem nastawienia zarówno na zadania, jak i na ludzi",pełnym skupieniem na realizacji celów kosztem pracowników,pełnym skupieniem na relacjach kosztem efektywności,równoważeniem nastawienia na zadania i ludzi
"Styl kierowania (9,9) w siatce Blake'a i Moutona, uznany przez autorów za najbardziej efektywny, nazywany jest stylem:",przywódczym,autokratycznym,liberalnym,kompromisowym
"W teorii Najmniej Preferowanego Współpracownika (NPW) Fiedlera, liderzy o niskim wyniku NPW (zorientowani na zadania) są najbardziej efektywni:",w sytuacjach skrajnych – bardzo korzystnych lub bardzo niekorzystnych,wyłącznie w sytuacjach umiarkowanie korzystnych,"niezależnie od sytuacji, zawsze osiągają taką samą efektywność","wyłącznie w dużych, sformalizowanych organizacjach"
W modelu MBO cele pracownika muszą zostać zatwierdzone przez:,przełożonego znajdującego się szczebel wyżej niż jego bezpośredni przełożony,"wyłącznie samego pracownika, samodzielnie ustalającego swoje cele","bezpośredniego przełożonego pracownika, bez dalszej akceptacji","zarząd całej spółki, niezależnie od szczebla stanowiska"
"Reakcja organizmu na chroniczny stres emocjonalny, objawiająca się wyczerpaniem emocjonalnym, brakiem motywacji i brakiem satysfakcji z pracy, to:",wypalenie zawodowe,mobbing,dyskryminacja pośrednia,tokenizm
"Sytuacja, w której formalnie neutralny przepis lub kryterium (np. wymóg minimalnego wzrostu 180 cm na stanowisko biurowe) w praktyce stawia określoną grupę w gorszej pozycji, to dyskryminacja:",pośrednia,bezpośrednia,wtórna,tokenizm
"Włączanie przedstawicieli grup mniejszościowych do organów decyzyjnych bez dawania im realnego wpływu na decyzje, wyłącznie po to, by sprawiać złudne wrażenie tolerancji, nazywa się:",tokenizmem,dyskryminacją bezpośrednią,dyskryminacją pośrednią,dyskryminacją wtórną
"Niesformalizowana bariera utrudniająca kobietom awans na najwyższe stanowiska mimo posiadanych kwalifikacji, nazywana jest:",szklanym sufitem,lepką podłogą,ruchomymi schodami,tokenizmem
"Zjawisko opisujące zawody o niższym statusie, zdominowane przez kobiety (np. sprzątaczka, niania), w których brak jest możliwości awansu, nazywa się:",lepką podłogą,szklanym sufitem,ruchomymi schodami,dyskryminacją wtórną
"Technika oceny pracownika, w której jest on oceniany jednocześnie przez przełożonego, współpracowników, podwładnych, klientów oraz dokonuje samooceny, to technika:",360 stopni (ocena wieloźródłowa),wydarzeń krytycznych,wymuszonego rozkładu,rankingu
"W odróżnieniu od coachingu, mentoring:","opiera się na relacji mistrz-uczeń z doświadczonym ekspertem, skupionej na długoterminowym rozwoju kariery",koncentruje się wyłącznie na szybkim rozwoju konkretnych umiejętności technicznych,jest prowadzony zawsze przez profesjonalnego trenera (coacha),trwa zazwyczaj krócej niż coaching
Pięcioetapowy cykl działania zorganizowanego został opracowany przez:,H. L. Le Chateliera,K. Adamieckiego,H. Fayola,F. W. Taylora
Dwanaście zasad wydajności sformułował:,H. Emerson,K. Adamiecki,H. Fayol,F. W. Taylor
"Do głównych praw determinujących sprawność organizacyjną, sformułowanych przez Karola Adamieckiego, należą m.in.:",prawo harmonii,prawo inwestycji,prawo strategii firmy,prawo międzynarodowe
"W teorii X i Y McGregora podejście X oznacza, że pracownicy:",nie lubią pracy i starają się jej w miarę możliwości unikać,w odpowiednich warunkach sami dążą do wzięcia odpowiedzialności,mają wewnętrzną motywację do osiągania celów,wykorzystują w firmie tylko część swoich talentów
"Która z koncepcji zachowania człowieka w organizacji zakłada, że pracownik jest samodzielny, pracuje nie tylko dla pieniędzy, ale również dla satysfakcji zawodowej, poczucia sukcesu:",koncepcja Y,koncepcja X,koncepcja Z,koncepcja psychodynamiczna
"Szkoła zarządzania zakładająca, że pracę można rozłożyć na proste, powtarzalne elementy, zmierzyć stoperem i zoptymalizować niemal jak działanie maszyny, to szkoła:",naukowej organizacji pracy,administracyjna,behawioralna,ilościowa
"Twórcą tayloryzmu, znanym z eksperymentu z łopatami w fabryce Bethlehem Steel, który zwiększył wydajność pracy o ponad 300%, jest:",Frederick Winslow Taylor,Karol Adamiecki,Henry Ford,Henry Fayol
"Prawo Adamieckiego mówiące, że dla każdego procesu istnieje optymalny poziom produkcji, przy którym koszt jednostkowy jest najniższy, to prawo:",optymalnej produkcji,harmonii,koncentracji,przekory
"Prawo Adamieckiego mówiące, że nadmierne zwiększanie produkcji ponad rozsądny próg w pewnym momencie przynosi spadek wydajności zamiast jej wzrostu, to prawo:",przekory,harmonii,koncentracji,inercji przyzwyczajeń
"Kierunek organizacji pracy stworzony przez Henry'ego Forda, zakładający daleko posunięty podział pracy, taśmę produkcyjną oraz autokratyczny styl kierowania, nazywany jest:",fordyzmem,tayloryzmem,weberyzmem,fajolizmem
"Autorem modelu idealnej biurokracji, opartego na ścisłej hierarchii i jasnym podziale zadań, jest:",Max Weber,Henry Fayol,Frederick Taylor,Elton Mayo
"Zasada umożliwiająca bezpośredni kontakt pracowników z różnych działów w sprawach mniejszej wagi, bez zgody przełożonych, wprowadzona przez Fayola, nazywana jest:",kładką Fayola,prawem harmonii,efektem Hawthorne,empowermentem
"Szkoła zarządzania podkreślająca znaczenie atmosfery, relacji międzyludzkich i poczucia przynależności w zespole jako czynników zwiększających efektywność pracy, to szkoła:",behawioralna,naukowej organizacji pracy,administracyjna,ilościowa
"Odkrywcą tzw. efektu Hawthorne, pokazującego, że wydajność pracy rośnie, gdy pracownicy czują się obserwowani i doceniani, był:",Elton Mayo,Douglas McGregor,Frederick Taylor,Max Weber
"Kierunek zarządzania zakładający, że nie istnieje jeden najlepszy sposób zarządzania, a działania należy dostosować do konkretnych warunków, to kierunek:",sytuacyjny,systemowy,ilościowy,administracyjny
"Zjawisko, w którym współpraca poszczególnych systemów organizacji prowadzi do lepszych efektów niż suma działań każdego elementu z osobna (tzw. 2+2=5), nazywane jest w kierunku systemowym:",synergią,ekwifinalnością,empowermentem,efektem Hawthorne
Określony sposób ubierania się w organizacji (dress code) to w kulturze organizacyjnej przykład:,artefaktów fizycznych,artefaktów behawioralnych,norm i wartości,tabu organizacyjnego
Logo przedsiębiorstwa to w kulturze organizacyjnej przykład:,artefaktów fizycznych,artefaktów językowych,norm i wartości,tabu organizacyjnego
Najtrudniejszymi do zaobserwowania elementami kultury organizacyjnej są:,założenia podstawowe,artefakty,normy,wartości
Jakie funkcje pełni kultura organizacyjna?,"integracyjną, percepcyjną, adaptacyjną","integracyjną, percepcyjną, analityczną","integracyjną, prospołeczną, analityczną","integracyjną, komunikacyjną, elastyczną"
"Kurt Lewin opracował teorię zmian społecznych, w której organizacje i instytucje społeczne cechują się równowagą sił wspierających i hamujących zmianę. Na czym polega zaproponowany przez niego model zmiany organizacyjnej?","na sekwencji trzech etapów: rozmrożenia dotychczasowego stanu, wprowadzenia zmiany, zamrożenia nowego układu","na założeniu, że organizacja sama naturalnie przystosuje się do nowych warunków, więc nie ma potrzeby podejmowania żadnych zaplanowanych działań",na przerzuceniu odpowiedzialności za zmianę wyłącznie na pracowników liniowych,"na jednorazowym, radykalnym wstrząsie organizacji, po którym zakłada się samoczynną adaptację do nowej równowagi"
"Najgłębszy, niewidoczny i najtrudniejszy do zmiany poziom kultury organizacyjnej według Edgara Scheina to:",założenia kulturowe,artefakty,normy,wartości
Proces komunikacji w organizacji jest przykładem artefaktów:,behawioralnych,fizycznych,językowych,ukrytych
Średni poziom kultury organizacyjnej wg Scheina — normy i wartości — obejmuje m.in.:,"cele, strategię i misję organizacji",wygląd siedziby i architekturę wnętrz,głęboko podświadomy stosunek do życia i świata,proces komunikacji między pracownikami
"Funkcja kultury organizacyjnej, dzięki której pracownicy czują się częścią jednej grupy, a nie zbiorem obcych sobie osób (np. wspólne świętowanie sukcesów), to funkcja:",integracyjna,percepcyjna,adaptacyjna,normatywna
"Funkcja kultury organizacyjnej, która uczy pracowników, jak interpretować to, co dzieje się wokół nich (np. traktowanie błędów jako okazji do nauki), to funkcja:",percepcyjna,integracyjna,adaptacyjna,informacyjna
"Funkcja kultury organizacyjnej dostarczająca pracownikom gotowych schematów zachowania w nowych, nieprzewidzianych sytuacjach (np. wiedza, kogo powiadomić w razie awarii systemu), to funkcja:",adaptacyjna,integracyjna,percepcyjna,kontrolna
"Typ kultury organizacyjnej całkowicie zamknięty na nowe idee i różnorodność, oparty na silnej tradycji (typowy np. dla japońskich korporacji), to kultura:",dominacji,rywalizacji,adaptacji (współpracy),proefektywnościowa
"Typ kultury organizacyjnej, w którym konflikt między działami traktowany jest jako celowe źródło mobilizacji, typowy dla działów sprzedaży (np. cotygodniowy ranking wyników zespołów), to kultura:",rywalizacji,dominacji,adaptacji (współpracy),proefektywnościowa
"Elastyczny i innowacyjny typ kultury organizacyjnej, łączący pomysły z różnych dziedzin zamiast trzymania się jednego schematu, to kultura:",adaptacji (współpracy),dominacji,rywalizacji,proefektywnościowa
"Typ kultury organizacyjnej charakteryzujący się otwartością na eksperymenty oraz autorytetem wiedzy, to kultura:",proefektywnościowa,dominacji,rywalizacji,adaptacji (współpracy)
"Kryterium oceny siły kultury organizacyjnej dotyczące czytelności i jednoznaczności jej wzorców (np. jednoznacznej wiedzy, że „nigdy nie spóźniamy się na spotkania z klientem”), to:",wyrazistość,stopień upowszechnienia,głębokość zakorzenienia,spójność
"Kryterium oceny siły kultury organizacyjnej dotyczące zakresu akceptacji i stosowania jej wzorców przez wszystkich członków organizacji, niezależnie od stanowiska, to:",stopień upowszechnienia,wyrazistość,głębokość zakorzenienia,spójność
"Kryterium oceny siły kultury organizacyjnej dotyczące trwałości postaw zgodnych z jej wzorcami (np. zasady obowiązującej od 20 lat, którą nowi pracownicy przejmują niemal automatycznie), to:",głębokość zakorzenienia,wyrazistość,stopień upowszechnienia,spójność
W modelu zmiany Kurta Lewina etap „zamrożenia” polega na:,"utrwaleniu nowości, tak aby zmieniony sposób pracy stał się nowym, codziennym standardem","uświadomieniu zespołowi, że stare metody przestały działać",wdrażaniu nowości i testowaniu jej wraz ze szkoleniami,całkowitym odrzuceniu jakichkolwiek zmian w przyszłości
"Wg modelu Kurta Lewina, etap polegający na uświadomieniu zespołowi, że dotychczasowe metody pracy przestały działać i trzeba je porzucić, to etap:",rozmrożenia,zmiany,zamrożenia,stabilizacji
Marketing mix dla usług nie obejmuje:,nabywcy usługi,realizatorów usługi,procesu świadczenia usługi,materialnego dowodu jakości usługi
Do klasycznego marketingu mix (4P) nie zalicza się:,procesu świadczenia usługi,ceny,produktu,dystrybucji
Elementami marketingu mix dla usług (7P) nie są:,potrzeby,ludzie,procesy,świadectwa materialne
Koncepcja marketing miksu w poszerzonej formie (7P) nie zawiera instrumentu o nazwie:,rodzaj płatności (payment),ludzie (people),materialne świadectwo (physical evidence),procesy (processes)
"Technika marketingowa zwiększająca zyski z jednej transakcji poprzez oferowanie klientowi produktów lub usług o wyższej cenie, wyższym standardzie lub większej liczbie funkcji, to:",up-selling,cross-selling,marketing mix,technika maksymalizacji korzyści
Strategia penetracji rynku polega na:,zwiększeniu sprzedaży obecnych produktów na dotychczasowym rynku,poszerzeniu działalności i wejściu w sektor dostawców,wejściu na nowe rynki geograficzne z dotychczasowym modelem biznesowym,wprowadzeniu innowacyjnych produktów
Autorem koncepcji marketingu mix jest:,Philip Kotler,Michael Porter,Alexander Osterwalder,David Ricardo
"Korzyści i funkcjonalności, które są główną przyczyną, dla której klient dokonuje zakupu produktu, stanowią:",rdzeń produktu,produkt rzeczywisty,produkt wzbogacony,produkt poszerzony
Opakowanie produktu jest częścią:,produktu rzeczywistego,produktu wzbogaconego,wyłącznie strategii promocji,wyłącznie strategii dystrybucji
"Dodatkowe korzyści i usługi podnoszące wartość produktu, takie jak gwarancja, instalacja czy obsługa posprzedażowa, stanowią:",produkt wzbogacony,rdzeń produktu,produkt rzeczywisty,opakowanie
"W modelu 4C, będącym przełożeniem 4P na perspektywę klienta, element „Cost” oznacza:","całkowity nakład ponoszony przez konsumenta, obejmujący cenę, ale też czas i wysiłek",wyłącznie cenę produktu podaną w cenniku,koszt produkcji ponoszony przez firmę,koszt promocji i reklamy produktu
"Strategia cenowa polegająca na stosowaniu zawyżonych cen w początkowej fazie sprzedaży nowości technologicznych, a następnie ich stopniowym obniżaniu, to strategia:",spijania śmietanki (skimming),penetracji rynku,długiego ogona,dyskryminacji cenowej
"Model sprzedaży oparty na łączeniu przychodów z popularnych hitów oraz wielu niszowych produktów sprzedawanych w mniejszych ilościach (np. model Netflixa), to strategia:",długiego ogona,penetracji rynku,spijania śmietanki,dyskryminacji cenowej
"Oferowanie klientowi dodatkowych, uzupełniających produktów pasujących do jego zakupu (np. etui do telefonu), nazywamy:",cross-sellingiem (sprzedażą krzyżową),up-sellingiem,merchandisingiem,dyskryminacją cenową
"Strategia relacji z klientem, w której to klient musi w pełni dostosować się do sposobu działania firmy (np. sztywne godziny otwarcia i jeden standardowy formularz), nazywana jest strategią:",agrafki,rzepa,zamka błyskawicznego,penetracji
"Koncepcja zarządzania relacjami z klientami, wykorzystująca bazy danych do utrzymania stałego, spersonalizowanego kontaktu z klientem, to:",CRM,MBO,BMC,KCS
"Strategia marki, w której jedna wspólna nazwa obejmuje wiele różnych produktów firmy (np. Samsung czy Philips), nazywana jest strategią marki:",parasolowej,indywidualnej,hybrydowej,co-brandingu
"Wykorzystanie dwóch silnych, niezależnych marek w jednym produkcie w celu dotarcia do nowych grup odbiorców (np. Lody Koral × Ekipa) nazywa się:",co-brandingiem,marką parasolową,marką indywidualną,marką hybrydową
"Wskaźnik określający procent respondentów, którzy jako pierwszą markę w danej kategorii produktów wskazują badaną markę, to wskaźnik:",TOM (Top of Mind),spontanicznej świadomości marki,CTR,CR
Model AIDA opisujący cztery etapy oddziaływania reklamy na konsumenta obejmuje kolejno:,"Attention, Interest, Desire, Action","Attention, Desire, Interest, Action","Interest, Attention, Action, Desire","Action, Desire, Interest, Attention"
"Działania marketingowe prowadzone w mediach tradycyjnych i masowych (telewizja, radio, prasa), docierające do milionów przypadkowych odbiorców naraz, nazywamy marketingiem typu:",ATL (Above The Line),BTL (Below The Line),ambient,wirusowym
"Niskobudżetowy rodzaj marketingu mający na celu wywołanie dużego rozgłosu i emocjonalnego zaangażowania odbiorców (np. naklejki imitujące rozlaną kawę prowadzące do kawiarni), nazywa się marketingiem:",partyzanckim,wirusowym,relacji,szeptanym
"Sztuczka sprzedażowa polegająca na przedstawieniu najpierw bardzo drogiego wariantu produktu, dzięki czemu kolejny, obiektywnie wciąż drogi produkt wydaje się atrakcyjną okazją cenową, nazywa się techniką:",kontrastu,warunkowania klasycznego,merchandisingu,up-sellingu
"Etap ewolucji marketingu, w którym reklama odwołuje się do wartości, emocji i etyki, a nie tylko do samego produktu czy zadowolenia klienta, to marketing:",3.0,1.0,2.0,4.0
W segmentacji klientów według rentowności klienci generujący dla firmy straty (nierentowni) nazywani są klientami:,ołowianymi,żelaznymi,złotymi,platynowymi
"Całkowity szacowany zysk netto, jaki pojedynczy klient wygeneruje dla przedsiębiorstwa w ciągu całego okresu trwania relacji biznesowej, to wskaźnik:",LTV (Customer Lifetime Value),CAC,CR,CTR
Stosunek LTV do CAC na poziomie 3:1 lub wyższym jest ogólnie uznawany za wskaźnik:,zdrowego i skalowalnego modelu biznesowego,"modelu nieefektywnego, w którym pozyskanie klienta kosztuje więcej niż on generuje",progu rentowności jednostkowej bez możliwości rozwoju,zbyt ostrożnej polityki marketingowej firmy
"Wyrażony procentowo stosunek liczby pożądanych akcji użytkowników (np. zakupów) do liczby sytuacji, w których mogły one zostać zrealizowane (np. liczby wizyt na stronie), to wskaźnik:",CR (Conversion Rate),CTR (Click-Through Rate),LTV,CAC
"Model płatności reklamowej, w którym reklamodawca płaci wyłącznie za każde 1000 wyświetleń reklamy, niezależnie od kliknięć czy reakcji, to model:",CPM (Cost-Per-Mille),PPC (Pay-Per-Click),CPA (Cost-Per-Action),PPL (Pay-Per-Lead)
"Metoda eksperymentalna, w której użytkownicy są losowo dzieleni na grupy widzące różne wersje tego samego przekazu marketingowego, przy czym warianty powinny różnić się tylko jednym elementem, to:",test A/B,analiza ABC,badanie FGI,metoda delficka
"Złota reguła bilansowa oznacza, że majątek trwały jest:",finansowany z kapitałów własnych firmy,w całości finansowany ze zobowiązań bieżących,finansowany z kapitałów stałych,finansowany z kapitałów obcych
"Model biznesowy polegający na outsourcingu aktywności niekluczowych dla firmy i budowaniu platformy koordynującej niezależnych partnerów (np. Uber czy Airbnb), to model:",dyrygenta,integratora,operatora,organizacji wirtualnej
"Przedsiębiorstwo opierające swoją przewagę konkurencyjną głównie na zasobach niematerialnych, takich jak reputacja, relacje z kontrahentami oraz elastyczność działania, to:",organizacja wirtualna,model dyrygenta,model integratora,model operatora
"Producent samochodów elektrycznych, który samodzielnie produkuje baterie, silniki i oprogramowanie zamiast kupować je od zewnętrznych dostawców, realizuje model:",integratora,dyrygenta,operatora,organizacji wirtualnej
"Firma logistyczna specjalizująca się wyłącznie w transporcie chłodniczym, niezajmująca się ani produkcją, ani sprzedażą przewożonych towarów, realizuje model:",operatora,integratora,dyrygenta,organizacji wirtualnej
Nazwa kaizen oznacza:,filozofię działania związaną z ciągłym samodoskonaleniem,dostosowanie poziomu zatrudnienia do celów organizacji,kompleksowe zarządzanie jakością,przeprojektowanie procesu pracy (radykalne lub skokowe)
"Który z modeli zarządzania firmą zakłada, że wszyscy członkowie organizacji uznawani są za równych – bez żadnej hierarchii, każdy pracownik decyduje za siebie i sam ponosi odpowiedzialność za wszelkie wykonywane działania?",turkusowy,zielony,bursztynowy,czerwony
"W koncepcji turkusowego zarządzania postuluje się, by zastąpić archetyp marchewki i kija archetypem:",słońca i deszczu,wędrowca i maga,ojca i matki,męczennika i wojownika
Metoda doskonalenia przedsiębiorstwa polegająca na uczeniu się od najlepszych to:,benchmarking,metoda ścieżki krytycznej,metoda przypadków krytycznych,analiza luki strategicznej
Benchmarking to:,proces porównywania własnej firmy z konkurentami i innymi firmami,analiza porównawcza firm tylko wewnętrzna,wywiad konkurencyjny przeprowadzany bez zgody innych firm,analiza wewnętrzna bez porównywania z innymi organizacjami
Business process reengineering jest definiowany jako:,fundamentalne przemyślenie od nowa i gruntowne przeprojektowanie procesów przebiegających w firmie prowadzące do radykalnej poprawy osiąganych wyników,metoda zarządzania w czasie,"kompleksowe zarządzanie jakością, które stanowi filozofię skoncentrowaną na uzyskaniu możliwie najwyższej jakości wszystkich procesów i działań",zarządzanie relacjami z klientem
"Małe zespoły pracownicze wykonujące zadania związane z ustawicznym doskonaleniem firmy, a także podnoszeniem wiedzy i umiejętności członków nazywane są:",inkubatorami jakości,komórkami innowacyjnymi,kołami jakości,grupami prorozwojowymi
"Koncepcja szczupłego zarządzania, wywodząca się z japońskiego systemu produkcyjnego Toyoty, polegająca na eliminacji marnotrawstwa i uproszczeniu procesów, to:",Lean Management,TQM,BPR,TBM
"Koncepcja ciągłego doskonalenia organizacji, zakładająca że żaden dzień nie powinien minąć bez drobnej poprawy w funkcjonowaniu firmy, będąca filarem zarówno TQM, jak i Lean Management, to:",Kaizen,benchmarking,reengineering,outsourcing
"Grupa pracowników tego samego szczebla w firmie, regularnie spotykająca się dobrowolnie, aby analizować i rozwiązywać problemy codziennej pracy, bez udziału przełożonego, to:",koło jakości,inkubator jakości,zespół projektowy,komitet sterujący
"W odróżnieniu od koła jakości, inkubator jakości:",jest prowadzony jednocześnie przez lidera i moderatora oraz kładzie nacisk na rozwój umiejętności pracowników (action learning),nie wymaga żadnego przywództwa i działa w pełni samoorganizująco,"jest prowadzony wyłącznie przez jednego, stałego lidera",koncentruje się wyłącznie na kwestiach finansowych firmy
Kompleksowe Zarządzanie Jakością (TQM) opiera się m.in. na założeniu:,powszechnego uczestnictwa wszystkich pracowników w procesie ciągłego doskonalenia,całkowitej centralizacji decyzji jakościowych w rękach jednego działu kontroli jakości,koncentracji wyłącznie na wynikach finansowych firmy,wyłączenia klientów z procesu oceny jakości
"System skupiający się na analizie ryzyka i kontroli czystości higienicznej w branży spożywczej, będący jednym z instrumentów zarządzania jakością obok TQM i norm ISO, to:",HACCP,BPR,TBM,Kaizen
"Autorami koncepcji Business Process Reengineering (BPR), zakładającej radykalne przeprojektowanie procesów w firmie, są:",Michael Hammer i James Champy,Frederic Laloux i Andrzej Blikle,Kaplan i Norton,Osterwalder i Pigneur
W ramach reengineeringu (BPR) osobne działy funkcjonalne firmy zastępowane są przez:,zespoły odpowiedzialne za cały proces od początku do końca,"pojedynczych, wysoko wyspecjalizowanych ekspertów działających niezależnie","jeszcze bardziej rozdrobnione, wąskie komórki funkcjonalne",zewnętrzne firmy konsultingowe przejmujące całą działalność
"Koncepcja Time-Based Management (TBM), opracowana przez Boston Consulting Group, dąży do zbudowania przewagi konkurencyjnej w oparciu o:",skrócenie czasu realizacji procesów (kompresję czasu),obniżenie cen produktów poniżej poziomu konkurencji,maksymalizację liczby wariantów oferowanego produktu,zwiększenie liczby szczebli hierarchii zarządzania
W zarządzaniu turkusowym (koncepcji Fredrica Laloux) tradycyjny system kar i nagród („kij i marchewka”) zastępowany jest archetypem:,"słońca i deszczu, obrazującym naturalne konsekwencje działania danej osoby",chleba i igrzysk,marchewki i kija w podwójnej dawce,zysku i straty
"Rodzaj benchmarkingu polegający na porównywaniu podobnych funkcji i procesów w zupełnie innych branżach, gdzie wzorem może być firma spoza własnego sektora, to benchmarking:",funkcjonalny,wewnętrzny,konkurencyjny,strategiczny
"Rodzaj benchmarkingu polegający na porównaniu własnych procesów i wyników między różnymi działami tej samej organizacji, to benchmarking:",wewnętrzny,konkurencyjny,funkcjonalny,strategiczny
"Wiedza związana z osobistym doświadczeniem, intuicją i praktycznymi umiejętnościami pracownika, trudna do sformułowania i zapisania w tradycyjny sposób (np. w podręczniku), to wiedza:",ukryta,jawna (formalna),strukturalna,deklaratywna
"Koncepcja life-long learning zakłada ciągłe podnoszenie kwalifikacji przez całe życie zawodowe, w przeciwieństwie do tradycyjnego modelu kariery przypisywanego korporacjom japońskim, opartego na:",spędzeniu całego życia zawodowego w jednej firmie i awansowaniu wyłącznie na podstawie stażu pracy,częstej zmianie pracodawców i stałej rywalizacji o awans,pracy wyłącznie w oparciu o krótkoterminowe kontrakty projektowe,całkowitym braku formalnej struktury kariery zawodowej
"W ocenie projektów inwestycyjnych zalecane jest, aby wskaźnik NPV (net present value – wartość zaktualizowana netto):",był większy od zera,był mniejszy niż cena,był równy zeru,miał wartość ujemną
"Jeśli na podstawie rzetelnie przeprowadzonej analizy średni ważony koszt kapitału (WACC) jest wyższy niż oczekiwana stopa dochodu z projektu, oznacza to, że:",nie powinno się realizować tego projektu,wydatki związane z projektem mogą zostać zwiększone,został osiągnięty próg rentowności,należy przeprowadzić ponowną kalkulację
"W biznesplanie projektu Alfa wskaźnik NPV wynosi 500 tys. zł. Oznacza to, że:",inwestycja w badanym okresie przyniesie 500 tys. zysku z uwzględnieniem zmienności wartości pieniądza w czasie,inwestycja w badanym okresie przyniesie 500 tys. zysku bez uwzględnienia zmienności wartości pieniądza w czasie,inwestycja wymaga 500 tys. zł nakładów,inwestycja osiągnie próg rentowności przy przychodach ze sprzedaży wynoszących 500 tys. zł
"Wartość przyszła kapitału (FV), pokazująca ile będą warte pieniądze po upływie określonego czasu przy danej stopie procentowej, oblicza się według wzoru:",FV = PV × (1+r)ⁿ,FV = PV / (1+r)ⁿ,FV = PV × r × n,FV = PV + r × n
"Masz dziś 100 zł, a lokata w banku daje 5% w skali roku. Jaka będzie wartość Twojego kapitału (FV) po roku?",105zł,100zł,110zł,95zł
"Proces obliczania dzisiejszej wartości pieniędzy, które otrzymamy w przyszłości, nazywamy:",dyskontowaniem,kapitalizowaniem,amortyzowaniem,dewaluowaniem
"Kolega obiecuje oddać Ci 121 zł za dwa lata, a lokaty w banku dają 10% rocznie. Ile ta obietnica jest warta dzisiaj (PV)?",100zł,121zł,110zł,90zł
"Wskaźnik NPV (wartość bieżąca netto) wskazuje, że dana inwestycja jest opłacalna, gdy jego wartość jest:",większa od zera,mniejsza od zera,równa dokładnie zero,równa wartości nakładów inwestycyjnych
"Wewnętrzna stopa zwrotu (IRR) to stopa dyskontowa, dla której NPV projektu wynosi dokładnie:",zero,sto procent,wartość równą stopie wolnej od ryzyka,wartość ujemną
"Jeśli IRR projektu wynosi 15%, a dostępna na rynku alternatywna inwestycja oferuje stopę zwrotu wyższą niż 15%, to analizowany projekt jest:","nieopłacalny, bo lepiej ulokować pieniądze w tej lepszej alternatywie",opłacalny niezależnie od dostępnych alternatyw,"neutralny, bez wpływu na decyzję inwestycyjną","opłacalny tylko wtedy, gdy alternatywa oferuje dokładnie 15%"
"Średni ważony koszt kapitału (WACC) uwzględnia w swoim wzorze tzw. tarczę podatkową, ponieważ:","odsetki od długu można odliczyć od podatku, co zmniejsza realny koszt kapitału obcego",podatki zawsze zwiększają koszt kapitału własnego,kapitał własny jest zawsze tańszy niż kapitał obcy niezależnie od podatków,tarcza podatkowa dotyczy wyłącznie spółek notowanych na giełdzie
"Model wyceny aktywów kapitałowych (CAPM), za który William Sharpe otrzymał Nagrodę Nobla, służy do obliczenia:","kosztu kapitału własnego, czyli oczekiwanej przez inwestora stopy zwrotu",kosztu kapitału obcego (długu) firmy,całkowitej wartości rynkowej przedsiębiorstwa (Enterprise Value),średniego ważonego kosztu kapitału (WACC)
"Współczynnik beta w modelu CAPM, gdy przyjmuje wartość powyżej 1, oznacza, że dana inwestycja jest:",bardziej ryzykowna niż przeciętna inwestycja na rynku,mniej ryzykowna niż przeciętna inwestycja na rynku,dokładnie tak samo ryzykowna jak cały rynek,wolna od jakiegokolwiek ryzyka
"Spółka osobowa, którą mogą założyć wyłącznie przedstawiciele określonych ustawowo wolnych zawodów, to:",spółka partnerska,spółka cywilna,spółka komandytariuszy,spółka komandytowa
Prokurent nie jest upoważniony do:,zbycia przedsiębiorstwa,zakupu środka nietrwałego,zawarcia umowy sprzedaży produkowanych wyrobów,zawarcia umowy o pracę z pracownikiem
Do spółek kapitałowych zaliczamy:,spółkę z ograniczoną odpowiedzialnością,spółkę partnerską,spółkę jawną,spółkę cywilną
Wymagany minimalny kapitał zakładowy spółki komandytowo-akcyjnej wynosi:,50 000 zł,5 000zł,100 000 zł,1 000 000 zł
Wpis do KRS wymagany jest dla:,spółki z o.o.,jednoosobowej działalności gospodarczej,spółki cywilnej,start-upu
W której spółce wszyscy właściciele odpowiadają za jej działalność całym swoim majątkiem?,spółce jawnej,spółce komandytowej,spółce z ograniczoną odpowiedzialnością,spółce akcyjnej
Do spółek osobowych nie zalicza się:,spółki akcyjnej,spółki jawnej,spółki komandytowej,spółki partnerskiej
Wymagany kapitał zakładowy spółki akcyjnej wynosi:,100 000 zł,50 000 zł,500 000 zł,1 000 000 zł
"Trzy sposoby klasyfikowania organizacji to m.in. kryterium złożoności organizacyjnej, kryterium formy własności oraz:",kryterium formy organizacyjno-prawnej,kryterium wielkości zatrudnienia,kryterium lokalizacji geograficznej,kryterium branży działalności
Spółka cywilna sama w sobie:,nie jest przedsiębiorcą — status przedsiębiorcy mają wyłącznie poszczególni wspólnicy ją tworzący,jest pełnoprawnym przedsiębiorcą na równi ze spółką z o.o.,nie może w ogóle prowadzić działalności gospodarczej,"jest przedsiębiorcą tylko wtedy, gdy ma więcej niż 5 wspólników"
Jednoosobową działalność gospodarczą (JDG) rejestruje się bezpłatnie w systemie:,CEIDG,KRS,REGON,NIP
"Zgodnie z przepisami o JDG, nazwa firmy musi obowiązkowo zawierać:",imię i nazwisko przedsiębiorcy,"nazwę branży, w której działa firma",adres siedziby firmy,numer NIP przedsiębiorcy
„Ulga na start” zwalnia nowych przedsiębiorców prowadzących JDG ze składek na ubezpieczenia społeczne przez pierwsze:,6 miesięcy,12 miesięcy,24 miesiące,3 miesiące
W spółce cywilnej wspólnicy odpowiadają za długi spółki:,"solidarnie i bez ograniczeń, zarówno majątkiem wspólnym spółki, jak i majątkami osobistymi",wyłącznie do wysokości wniesionych wkładów,wyłącznie majątkiem wspólnym spółki,bez żadnej odpowiedzialności osobistej
"Spółki osobowe charakteryzują się odpowiedzialnością subsydiarną wspólników, co oznacza, że:","wierzyciel może egzekwować majątek osobisty wspólnika dopiero, gdy egzekucja z majątku spółki okaże się bezskuteczna",wspólnicy nigdy nie odpowiadają majątkiem osobistym za długi spółki,wierzyciel może od razu i wyłącznie ścigać majątek osobisty wspólników,odpowiedzialność subsydiarna dotyczy tylko spółek kapitałowych
Do założenia spółki jawnej potrzeba minimum:,"2 osób, którymi mogą być zarówno osoby fizyczne, jak i prawne",1 osoby fizycznej,3 osób fizycznych,"5 osób, w tym co najmniej jednej osoby prawnej"
Spółkę partnerską mogą założyć wyłącznie osoby wykonujące:,"wolne zawody, np. adwokat, lekarz czy architekt",dowolną działalność handlową,działalność produkcyjną na dużą skalę,wyłącznie zawody techniczne związane z budownictwem
W spółce komandytowej komplementariusz odpowiada za zobowiązania spółki:,"bez ograniczeń, całym swoim majątkiem osobistym",wyłącznie do wysokości wniesionego wkładu,w ogóle nie odpowiada za zobowiązania spółki,tylko w przypadku umyślnego działania na szkodę spółki
"Jeśli w nazwie spółki komandytowej zostanie umieszczone nazwisko komandytariusza, to odpowiada on wobec osób trzecich:","tak jak komplementariusz, czyli bez ograniczeń",nadal wyłącznie do wysokości sumy komandytowej,w ogóle nie odpowiada za zobowiązania spółki,odpowiada podwójną wysokością sumy komandytowej
Spółka komandytowo-akcyjna (S.K.A.) jest pierwszą ze spółek osobowych wymagającą wniesienia minimalnego kapitału zakładowego w wysokości:,50 000 zł,5 000 zł,100 000 zł,braku wymaganego kapitału
"Osobowość prawna spółek kapitałowych (z o.o. i S.A.) oznacza, że:","spółka jako odrębny podmiot prawa odpowiada za długi wyłącznie własnym majątkiem, a wspólnicy nie ryzykują prywatnymi pieniędzmi",wspólnicy zawsze odpowiadają całym swoim majątkiem osobistym za długi spółki,spółka nie może zaciągać żadnych zobowiązań finansowych,wspólnicy tracą prawo głosu w sprawach spółki
Minimalny kapitał zakładowy wymagany do założenia spółki z ograniczoną odpowiedzialnością wynosi:,5 000 zł,50 000 zł,100 000 zł,brak wymaganego minimum
Minimalny kapitał zakładowy wymagany do założenia spółki akcyjnej wynosi:,100 000 zł,5 000 zł,50 000 zł,10 000 zł
Dualistyczny charakter spółki akcyjnej oznacza obowiązkowy podział władzy na dwa niezależne organy:,zarząd oraz radę nadzorczą,walne zgromadzenie oraz komisję rewizyjną,prezesa oraz wiceprezesa,akcjonariuszy większościowych oraz mniejszościowych
Zgodnie z relacją między spółką publiczną a giełdową:,"każda spółka giełdowa jest spółką publiczną, ale nie każda spółka publiczna jest spółką giełdową",każda spółka publiczna jest jednocześnie spółką giełdową,oba pojęcia są całkowitymi synonimami,żadna spółka giełdowa nie może być jednocześnie spółką publiczną
Prosta spółka akcyjna (P.S.A.) została zaprojektowana jako forma prawna dedykowana przede wszystkim:,start-upom i firmom z branży nowych technologii,"wyłącznie dużym, ugruntowanym korporacjom",przedsiębiorstwom państwowym,spółdzielniom rolniczym
"Prokurentem, czyli osobą posiadającą prokurę (szczególne pełnomocnictwo handlowe), może zostać wyłącznie:",osoba fizyczna posiadająca pełną zdolność do czynności prawnych,"dowolna osoba prawna, np. inna firma",wyłącznie członek zarządu spółki,wyłącznie radca prawny lub adwokat
"Zgodnie z unijnymi kryteriami wielkości przedsiębiorstw, firma zatrudniająca średniorocznie od 10 do 49 pracowników zaliczana jest do kategorii przedsiębiorstw:",małych,mikro,średnich,dużych
Krajowy Rejestr Sądowy (KRS) jest właściwym rejestrem dla:,"spółek prawa handlowego, w tym spółek kapitałowych i osobowych",wyłącznie jednoosobowych działalności gospodarczych,wyłącznie spółek cywilnych,wyłącznie organizacji pozarządowych (NGO)
"Numer NIP, nadawany przez Urząd Skarbowy w celu identyfikacji podatników, składa się z:",10 cyfr,9 cyfr,14 cyfr,5 cyfr
"Prowadzenie drobnej działalności zarobkowej bez wpisu do CEIDG i bez płacenia składek ZUS jest dopuszczalne od 2018 roku, o ile przychód z tej działalności nie przekracza:",225% minimalnego wynagrodzenia brutto na kwartał,100% minimalnego wynagrodzenia brutto na miesiąc,50% przeciętnego wynagrodzenia rocznie,dowolnej kwoty bez żadnego limitu
"Wartościowy próg rentowności dla fabryki zabawek, w której koszty stałe wynoszą 50 000 zł, koszt zmienny na jednostkę – 25 zł, a cena sprzedaży – 30 zł/szt., to:",300 000 zł,30zł,10 000 zł,50 000 zł
"Ile wynosi ilościowy próg rentowności, jeżeli koszty stałe wynoszą 100 000 zł, jednostkowe koszty zmienne 500 zł, a cena 1000 zł?",200,100,300,400
"Ile wynosi wartościowy próg rentowności, jeżeli koszty stałe wynoszą 80 000 zł, jednostkowe koszty zmienne 800 zł, a cena 1000 zł?",400 000,2 000 000,200 000,800 000
Zysk operacyjny to:,nadwyżka z działalności podstawowej firmy przed opodatkowaniem,zysk brutto minus podatek dochodowy,zysk netto + amortyzacja,zysk netto + odsetki
"Aby podnieść dochodowość produktu, należy:",podnieść cenę lub obniżyć koszty zmienne,obniżyć koszty stałe,obniżyć cenę i zwiększyć sprzedaż,obniżyć koszty zmienne i zwiększyć sprzedaż
"Firma „EcoTech” produkuje ekologiczne bidony. Cena sprzedaży jednego bidonu wynosi 40 zł, koszt zmienny przypadający na jeden bidon to 25 zł, a koszty stałe firmy wynoszą 30 000 zł miesięcznie. Ile bidonów firma musi sprzedać w miesiącu, aby osiągnąć próg rentowności?",2 000,750,1200,80 000
Przychody całkowite (TR) firmy oblicza się jako:,cenę sprzedaży jednej sztuki pomnożoną przez ilość sprzedanych sztuk (TR = P × Q),przychód pomniejszony o wszystkie koszty,sumę kosztów stałych i zmiennych,zysk netto powiększony o podatek dochodowy
"Koszty, które w krótkim okresie pozostają niezależne od wielkości produkcji i firma ponosi je nawet przy zerowej produkcji (np. czynsz za lokal), to koszty:",stałe,zmienne,krańcowe,alternatywne
"Piekarnia płaci 5000 zł miesięcznie czynszu (koszt stały) oraz 2 zł mąki i drożdży na każdy upieczony bochenek (koszt zmienny). Jeśli upiecze 1000 bochenków, jej łączny koszt zmienny wyniesie:",2 000zł,5 000zł,7 000zł,1 000zł
"Zjawisko polegające na zmniejszaniu kosztu jednostkowego wraz ze wzrostem ilości produkowanych sztuk, ponieważ koszty stałe rozkładają się na większą liczbę produktów, nazywa się:",ekonomią skali,kosztem alternatywnym,amortyzacją,dochodowością produktu
Suma kosztów księgowych oraz kosztów alternatywnych (utraconych możliwości) to koszty:,ekonomiczne,księgowe,krańcowe,zmienne
Właściciel firmy mógłby zamiast prowadzenia własnego biznesu pracować na etacie i zarabiać 10 000 zł miesięcznie. Ta utracona kwota stanowi jego:,koszt alternatywny,koszt krańcowy,koszt zmienny,zysk operacyjny
"Amortyzacja jest kosztem księgowym, ponieważ:",nie wiąże się z realnym wypływem gotówki z firmy w momencie jej naliczania,zawsze wiąże się z natychmiastowym wypływem gotówki,dotyczy wyłącznie aktywów obrotowych,nigdy nie wpływa na wynik finansowy firmy
"Metoda amortyzacji, w której odpisy są wyższe na początku okresu użytkowania środka trwałego i maleją z czasem, to metoda:",degresywna,liniowa,progresywna,naturalna
"Metoda amortyzacji, w której wysokość odpisów zależy od intensywności użytkowania środka trwałego (np. liczby wyprodukowanych sztuk), a nie od upływu czasu, to metoda:",naturalna,liniowa,degresywna,progresywna
"Zysk osiągany przez firmę przed odliczeniem odsetek od kredytów i podatku dochodowego, ale już po uwzględnieniu pozostałych przychodów i kosztów operacyjnych, nazywany jest:",EBIT,EBITDA,zyskiem brutto,zyskiem netto
"Firma ma przychód 100 000 zł oraz łączne koszty operacyjne (bez amortyzacji) w wysokości 40 000 zł. Jej EBITDA, liczona metodą „od góry”, wynosi:",60 000 zł,100 000 zł,40 000 zł,140 000 zł
Zysk brutto przedsiębiorstwa oblicza się jako:,EBIT pomniejszony o odsetki od kredytów i pożyczek,zysk netto powiększony o podatek dochodowy,przychody pomniejszone o wszystkie koszty stałe,EBITDA pomniejszoną o amortyzację
"Próg rentowności (BEP) to poziom sprzedaży, przy którym:",przychody całkowite firmy dokładnie zrównują się z jej kosztami całkowitymi,firma osiąga maksymalny możliwy zysk,koszty zmienne firmy spadają do zera,firma przekracza swoje moce produkcyjne
"Ilościowy próg rentowności (BEP) oblicza się, dzieląc koszty stałe przez:",różnicę między ceną sprzedaży jednej sztuki a przeciętnym kosztem zmiennym (P − AVC),sumę kosztów stałych i zmiennych,przychody całkowite firmy,wartość sprzedaży jednej sztuki produktu
"Firma musi sprzedać 1000 sztuk produktu, aby osiągnąć próg rentowności, a prognozowany roczny popyt na jej produkt wynosi 4000 sztuk. Czas osiągnięcia progu rentowności wyniesie:","0,25 roku, czyli 3 miesiące",1 rok,4 miesiące,"0,5 roku"
Dochodowość produktu (jednostkowa marża na pokrycie) to różnica między:,ceną sprzedaży a jednostkowym kosztem zmiennym (P − AVC),przychodami całkowitymi a kosztami stałymi,zyskiem netto a zyskiem operacyjnym,EBITDA a amortyzacją
"Aby podnieść dochodowość produktu, firma powinna podnieść cenę lub obniżyć koszty zmienne, natomiast obniżenie kosztów stałych:","zwiększa ogólny zysk firmy, ale nie wpływa na dochodowość samego produktu",zawsze zwiększa dochodowość produktu w takim samym stopniu,nie ma żadnego wpływu na wynik finansowy firmy,zmniejsza dochodowość produktu
"Piec przemysłowy o zdolności wypieku 300 000 bochenków w całym cyklu życia kosztował 60 000 zł. Metodą naturalną amortyzacji, koszt amortyzacji przypadający na jeden upieczony bochenek wynosi:","0,20zł",1zł,"0,60zł",2zł
"Złota reguła bilansowa oznacza, że majątek trwały jest:",finansowany z kapitałów własnych firmy,w całości finansowany ze zobowiązań bieżących,finansowany z kapitałów stałych,finansowany z kapitałów obcych
W bilansie przedsiębiorstwa pasywa uporządkowane są:,według stopnia wymagalności,według stopnia płynności,według wielkości (od największych do najmniejszych wartości),w kolejności alfabetycznej
"Bilans przedsiębiorstwa jest poprawny, jeżeli spełniony jest następujący warunek:",pasywa = aktywa,pasywa + aktywa = wartość przedsiębiorstwa,aktywa > pasywa,pasywa > aktywa
W bilansie przedsiębiorstwa uwzględnia się:,równoważące się aktywa i pasywa,przepływy finansowe,zysk lub stratę netto,koszty stałe i zmienne
W bilansie przedsiębiorstwa aktywa:,odzwierciedlają stan majątku przedsiębiorstwa,pokazują źródła finansowania majątku przedsiębiorstwa,przedstawiają koszty prowadzenia działalności,opisują strukturę przychodów ze sprzedaży
Wskaż aktywa obrotowe:,zapasy materiałów i towarów,środki transportu,bazy danych,prawa autorskie
"Funkcja rachunkowości pozwalająca na racjonalne wykorzystanie zasobów firmy oraz wychwytywanie ewentualnych nadużyć, to funkcja:",kontrolna,informacyjna,sprawozdawczo-analityczna,organizacyjna
"Zasada rachunkowości mówiąca, że przychody ze sprzedaży produktu należy zestawić w RZiS z kosztami jego wyprodukowania w tym samym okresie, niezależnie od tego, kiedy faktycznie poniesiono te koszty, to zasada:",współmierności,memoriałowa,ostrożności,niekompensowania
"Zasada rachunkowości wymagająca ujęcia w sprawozdaniu wszystkich operacji gospodarczych danego okresu, niezależnie od tego, czy zostały już faktycznie opłacone, to zasada:",memoriałowa,współmierności,ostrożności,niekompensowania
"Zasada rachunkowości zabraniająca łącznego wykazywania (potrącania) ze sobą wartości poszczególnych aktywów, pasywów, przychodów i kosztów, to zasada:",niekompensowania,współmierności,memoriałowa,ostrożności
"Obowiązek prowadzenia pełnej rachunkowości (ksiąg rachunkowych) dla mniejszych firm i działalności jednoosobowych powstaje dopiero, gdy ich przychody netto w poprzednim roku przekroczyły równowartość:",2 500 000 euro,500 000 euro,1 000 000 euro,10 000 000 euro
Spółki giełdowe sporządzające skonsolidowane sprawozdania finansowe mają obowiązek stosowania:,Międzynarodowych Standardów Sprawozdawczości Finansowej (MSSF),wyłącznie Krajowych Standardów Rachunkowości (KSR),amerykańskich standardów GAAP,standardów ustalanych indywidualnie przez każdą giełdę
Aktywa w bilansie są uporządkowane według:,"wzrastającej płynności, czyli od najmniej do najbardziej płynnych",malejącej płynności,alfabetycznej kolejności nazw,wzrastającej wartości nominalnej
Pasywa w bilansie są uporządkowane według:,wzrastającego stopnia wymagalności,malejącego stopnia wymagalności,wzrastającej płynności,alfabetycznej kolejności
"Składniki majątku firmy o przewidywanym czasie użytkowania powyżej jednego roku (np. maszyny, budynki) to aktywa:",trwałe,obrotowe,płynne,niematerialne
"Zgodnie ze złotą zasadą bilansową, przedsiębiorstwo finansuje swój majątek trwały wyłącznie ze środków własnych, gdy stosunek kapitału własnego do aktywów trwałych wynosi co najmniej:",1,"0,5",2,0
"Srebrna zasada bilansowa wymaga, aby kapitał stały przedsiębiorstwa (kapitał własny + zobowiązania długoterminowe) był:",równy lub wyższy od aktywów trwałych,równy lub niższy od aktywów obrotowych,zawsze wyższy od aktywów obrotowych,zawsze równy zobowiązaniom krótkoterminowym
Kapitał obrotowy netto (KON) można obliczyć jako różnicę między:,aktywami obrotowymi a zobowiązaniami krótkoterminowymi,aktywami trwałymi a kapitałem własnym,przychodami a kosztami całkowitymi,aktywami ogółem a pasywami ogółem
"Rachunek zysków i strat (RZiS) zestawia przychody z różnych rodzajów działalności z poniesionymi kosztami, aby pokazać:",wynik finansowy firmy (zysk lub stratę),wyłącznie stan majątku firmy na dany dzień,wyłącznie źródła finansowania firmy,wyłącznie przepływy pieniężne firmy
Analiza polegająca na porównywaniu tej samej pozycji sprawozdania finansowego z różnych okresów (np. przychodów w 2024 i 2025 roku) to analiza:,pozioma,pionowa,strukturalna,przekrojowa
"Analiza polegająca na badaniu struktury sprawozdania finansowego wewnątrz jednego okresu (np. jaki procent przychodów stanowi zysk), wykorzystywana m.in. do liczenia wskaźników rentowności, to analiza:",pionowa,pozioma,historyczna,porównawcza
Tanie linie lotnicze (takie jak np. Ryanair i Wizzair) stosują strategię:,przywództwa kosztowego,dyferencjacji,penetracji,zintegrowaną
"Przedsiębiorstwo, które nie ściga się z liderem o udział w rynku, ale poprzez kopiowanie jego produktów i metod działania utrzymuje się na rynku, to według modelu strategii konkurencji Philipa Kotlera:",naśladowca,lider,pretendent,niszowiec
Strategia żniw jest zalecana dla elementów macierzy BCG określanych mianem:,znaków zapytania i dojnych krów,znaków zapytania i psów,gwiazd i dojnych krów,gwiazd i psów
Która z rekomendacji nie jest prawidłowym wnioskiem z analizy macierzy BCG?,sprzedaj „gwiazdy” i uzyskane pieniądze inwestuj w „psy”,pieniądze zarobione na „dojnych krowach” inwestuj w „gwiazdy”,pozbądź się „znaków zapytania” ze słabymi perspektywami wzrostu,staraj się jak najdłużej zachować „dojne krowy”
Które z poniższych stwierdzeń najlepiej opisuje kategorię dojne krowy w analizie BCG?,"produkty o wysokim udziale w wolno rosnącym rynku, generujące stabilne przychody i wymagające minimalnych inwestycji","produkty o wysokim udziale w szybko rosnącym rynku, wymagające dużych inwestycji","produkty o niskim udziale w wolno rosnącym rynku, generujące niewielkie przychody","produkty o niskim udziale w szybko rosnącym rynku, potrzebujące dużych inwestycji, ale których przyszłość jest niepewna"
"Jak nazywa się strategia, w której przedsiębiorstwo łączy wyspecjalizowanie w określonym produkcie i know-how z globalną sprzedażą, działając w wąskiej niszy rynkowej, zwykle bez szerokiej rozpoznawalności marki?",strategia ukrytych mistrzów,strategia błękitnego oceanu,strategia dywersyfikacji,strategia kooperencji
Trzy podstawowe sposoby pozyskiwania przewagi konkurencyjnej według Portera to:,"unikalność (jakość, zróżnicowanie), przywództwo kosztowe, nisza (koncentracja)","jakość (unikalność, zróżnicowanie), innowacyjność, rentowność","jakość (unikalność, zróżnicowanie), innowacyjność, opłacalność","innowacyjność, przywództwo kosztowe, wydajność"
Główna różnica między macierzą McKinseya a macierzą BCG polega na:,"wykorzystaniu złożonych, wieloczynnikowych wskaźników zamiast pojedynczych zmiennych",zrezygnowaniu z analizy pozycji konkurencyjnej,skupieniu się wyłącznie na małych przedsiębiorstwach,zastosowaniu tylko dwóch pól (2x2) w macierzy
"Kategorie strategiczne, które macierz BCG identyfikuje na podstawie poziomu wzrostu rynku i udziału w rynku przedsiębiorstwa to:","gwiazdy, dojne krowy, znaki zapytania, psy","gwiazdy, okręgi, znaki zapytania, psy","gwiazdy, dojne krowy, znaki zapytania, wykrzykniki","półksiężyce, dojne krowy, znaki zapytania, psy"
"Przedsiębiorstwo, które wprowadza nowy produkt w niskiej cenie po to, aby zdobyć wiodącą pozycję na masowym rynku i jednocześnie minimalizuje koszty produkcji poprzez inwestycje np. w automatyzację, stosuje strategię:",przywództwa kosztowego,błękitnego oceanu,koncentracji na niszy,zróżnicowania
"Szkoła strategiczna traktująca strategię jako długookresowy, sformalizowany plan działania, wymagający silnej centralizacji decyzji, to szkoła:",planistyczna,pozycyjna,ewolucyjna,zasobowa
"Szkoła strategiczna, według której sukces firmy zależy od zdolności dopasowania się do rynku oraz wyboru sposobu rywalizacji (np. przywództwa kosztowego), to szkoła:",pozycyjna,planistyczna,ewolucyjna,zasobowa
"Szkoła strategiczna zakładająca, że strategia rodzi się samorzutnie jako wzorzec decyzji kształtujący się na bieżąco, pod wpływem kultury organizacyjnej i presji otoczenia, to szkoła:",ewolucyjna,planistyczna,pozycyjna,zasobowa
"Szkoła zasobowa (RBV) zakłada, że trwała przewaga rynkowa firmy wynika z rozwoju i ochrony zasobów:","trudnych do skopiowania przez konkurencję, zwłaszcza niematerialnych (np. know-how)",jak największej ilości fizycznego majątku,wyłącznie kapitału finansowego,wyłącznie liczby zatrudnionych pracowników
"Zgodnie z modelem VRIN, aby zasób dawał firmie przewagę strategiczną, musi być wartościowy, rzadki, trudny do imitacji oraz:",niezastępowalny,tani,powszechnie dostępny,łatwy do skopiowania
W koncepcji „5P” Mintzberga perspektywa strategii jako „Ploy” oznacza:,taktyczny podstęp lub sztuczkę służącą przechytrzeniu konkurencji,świadome zamierzenie wyznaczające cel firmy,schemat powtarzalnych zachowań firmy,pozycję firmy względem konkurencji
"W klasycznym cyklu życia sektora fazę charakteryzującą znaczną liczbę konkurentów, dużą stopę wzrostu i rozwijającą się technologię nazywamy fazą:",rozwoju,narodzin,dojrzałości,starzenia się
"W rozszerzonej wersji modelu cyklu życia sektora, dodatkowa faza między rozwojem a dojrzałością, charakteryzująca się ostrą rywalizacją i wypychaniem słabszych konkurentów z rynku, to faza:",kryzysu,stabilizacji,konsolidacji,schyłku
"W macierzy BCG produkt o dużym wzroście rynku, ale małym względnym udziale w rynku (wymagający dużych nakładów przy niskiej rentowności), to:",znak zapytania,gwiazda,dojna krowa,kula u nogi (pies)
"W macierzy BCG produkt o małym wzroście rynku, ale dużym względnym udziale w rynku, o wysokiej rentowności i niskich potrzebach finansowych, stanowiący główne źródło zarobku firmy, to:",dojna krowa,gwiazda,znak zapytania,kula u nogi (pies)
"Macierz Ansoffa wyróżnia strategię polegającą na oferowaniu nowego produktu na dotychczasowym rynku, nazywaną:",rozwojem produktu,penetracją rynku,rozwojem rynku,dywersyfikacją
"Najbardziej radykalna i ryzykowna strategia z macierzy Ansoffa, polegająca na równoczesnym wejściu z nowym produktem na nowy rynek, to:",dywersyfikacja,penetracja rynku,rozwój rynku,rozwój produktu
"Rodzaj dywersyfikacji polegający na rozszerzeniu asortymentu o produkty oparte na pokrewnej technologii, sprzedawane na tych samych rynkach (np. producent proszków wprowadzający wybielacze), to dywersyfikacja:",horyzontalna (pokrewna),wertykalna,konglomeratowa,pionowa
"Firma produkująca telefony, która zaczyna samodzielnie produkować pamięć RAM do własnych urządzeń, realizuje strategię:",integracji pionowej w tył,integracji pionowej w przód,integracji poziomej,dywersyfikacji horyzontalnej
"Według Philipa Kotlera, firma posiadająca największy udział w rynku, wyznaczająca standardy cenowe i produktowe oraz broniąca swojej pozycji, pełni rolę rynkową:",lidera rynkowego,pretendenta,naśladowcy,uczestnika niszy rynkowej
"Wśród czterech strategii naśladowców wg Kotlera, firma która selektywnie kopiuje elementy lidera, ale zachowuje własną tożsamość (np. Xiaomi inspirujące się designem Apple), to:",imitator,fałszerz,twórca klonów,usprawniacz
"Strategia konkurencji wg Portera polegająca na osiągnięciu przewagi poprzez minimalizację kosztów produkcji i oferowanie najniższych cen na rynku, to:",przywództwo kosztowe,dyferencjacja (przywództwo jakościowe),koncentracja,strategia zintegrowana
"Wąsko wyspecjalizowane małe lub średnie przedsiębiorstwa, osiągające dominującą, globalną pozycję w wybranej, niezauważonej przez innych niszy rynkowej, określa się mianem:",ukrytych mistrzów (Hidden Champions),liderów rynkowych,jednorożców,konglomeratów
Autorami koncepcji kluczowych kompetencji jako źródła długotrwałej przewagi konkurencyjnej firmy są:,Gary Hamel i C.K. Prahalad,John Kay,Michael Porter,Kaplan i Norton
"Według koncepcji Johna Kaya, zaufanie klientów do firmy i jej marki, decydujące o trudnej do skopiowania przewadze konkurencyjnej, to zdolność wyróżniająca zwana:",reputacją,architekturą,innowacją,zasobem strategicznym
"Strategia polegająca na stałym poszukiwaniu nowych, niezajętych jeszcze przez konkurencję przestrzeni rynkowych, zamiast konkurowania na istniejącym rynku, nazywana jest strategią:",błękitnego oceanu,czerwonego oceanu,przywództwa kosztowego,koncentracji
"Inwestycja polegająca na tworzeniu nowego przedsiębiorstwa od podstaw, bez przejmowania istniejących struktur, to inwestycja typu:",greenfield,brownfield,offshoring,franczyza
"Forma sourcingu polegająca na włączeniu do własnej firmy funkcji, która wcześniej była prowadzona przez podmiot zewnętrzny, to:",insourcing,outsourcing,co-sourcing,multisourcing
"Forma sourcingu, w której firma publicznie ogłasza zadanie i pozwala wziąć w nim udział dowolnej liczbie chętnych osób z zewnątrz, wybierając potem najlepsze rozwiązanie, to:",crowdsourcing,nearshoring,insourcing,co-sourcing
"Model biznesowy polegający na przejęciu, za odpowiednią opłatą, w pełni opracowanego i sprawdzonego pomysłu na biznes (np. McDonald's), to:",franczyza,joint venture,alians strategiczny,outsourcing
"Proces gromadzenia informacji i dogłębnej analizy wszystkich aspektów funkcjonowania przejmowanej spółki, przeprowadzany m.in. przed fuzją lub przejęciem, to:",due diligence,audyt zewnętrzny,bilans strategiczny,benchmarking
"W odróżnieniu od przejęcia, w wyniku fuzji dotychczasowe łączące się przedsiębiorstwa:",tracą swoją osobowość prawną na rzecz nowo utworzonego podmiotu,"zachowują pełną, niezależną osobowość prawną",stają się automatycznie spółkami zależnymi,nie zmieniają w żaden sposób swojej struktury prawnej
"Transakcja, w której dotychczasowa kadra zarządzająca firmą wykupuje udziały od dotychczasowych właścicieli, przejmując nad nią kontrolę, to:",MBO (Management Buyout),MBI (Management Buy-In),LBO (Leveraged Buyout),IPO (pierwsza oferta publiczna)
"Technika obrony przed wrogim przejęciem, umożliwiająca dotychczasowym akcjonariuszom objęcie dodatkowych akcji po atrakcyjnej cenie, co rozwadnia kapitał i podnosi koszt wykupu spółki, nazywana jest:",trującą pigułką (poison pill),białym rycerzem,złotym spadochronem,greenmailem
"Strategiczna Karta Wyników (BSC), opracowana przez Kaplana i Nortona, obejmuje łącznie cztery perspektywy:","finansową, klienta, procesów wewnętrznych oraz rozwoju (uczenia się)","finansową, marketingową, operacyjną oraz prawną","klienta, konkurencji, dostawców oraz pracowników","finansową, klienta, jakości oraz innowacji"
Rekomendowana wartość wskaźnika płynności bieżącej (current ratio) wynosi:,"<1,2; 2>",<0; 1>,"2,5","3,5"
Optymalna wartość wskaźnika płynności szybkiej (relacja płynnych środków finansowych krótkoterminowych do zobowiązań bieżących) powinna wynosić:,"od 0,8 do 1,2","od 0 do 0,5",od 2 do 3,powyżej 10
"Wskaźnik informujący o tym, w jakim stopniu przedsiębiorstwo może spłacać swoje zobowiązania krótkoterminowe, to:",wskaźnik płynności,wskaźnik efektywności,wskaźnik zadłużenia,wskaźnik rentowności
Do głównych wskaźników płynności zalicza się:,wskaźnik bieżącej płynności,wskaźnik niskiej płynności,wskaźniki planistyczne,wskaźniki rynku kapitałowego
"Zdolność firmy do regulowania bieżących zobowiązań na czas (faktury, wynagrodzenia, raty) określamy mianem:",płynności finansowej,wypłacalności,rentowności,dochodowości
"Zdolność firmy do pokrycia wszystkich swoich długów całym posiadanym majątkiem, w perspektywie długoterminowej, to:",wypłacalność,płynność finansowa,rentowność,dochodowość produktu
"Firma może być wypłacalna, ale jednocześnie:","utracić płynność finansową, np. posiadając drogie nieruchomości, ale brak gotówki na bieżące pensje",nigdy nie utraci płynności finansowej,automatycznie stanie się bardziej rentowna,zawsze uzyska wyższy wskaźnik ROE
Wskaźnik płynności bieżącej (Current Ratio) oblicza się jako stosunek:,aktywów bieżących (obrotowych) do zobowiązań bieżących (krótkoterminowych),zysku netto do przychodów ze sprzedaży,aktywów ogółem do sumy zadłużenia,środków pieniężnych do zobowiązań bieżących
"Wartość wskaźnika płynności bieżącej (Current Ratio) powyżej 3,0 zazwyczaj oznacza:","nieefektywne zarządzanie majątkiem, gdy firma trzyma zbyt dużo kapitału zamiast go inwestować","idealną, wzorcową sytuację finansową firmy",bezpośrednie zagrożenie upadłością firmy,że firma nie posiada żadnych zobowiązań bieżących
"Wskaźnik płynności szybkiej (Quick Ratio) różni się od wskaźnika płynności bieżącej tym, że:",wyklucza z aktywów obrotowych zapasy oraz krótkoterminowe rozliczenia międzyokresowe,uwzględnia dodatkowo aktywa trwałe firmy,dzieli aktywa obrotowe przez aktywa trwałe zamiast przez zobowiązania,uwzględnia wyłącznie środki pieniężne w kasie
"Bezpieczna, orientacyjna norma wskaźnika płynności szybkiej (Quick Ratio) wynosi około:",1,"0,3",3,5
"Najbardziej rygorystyczny ze wskaźników płynności, opisujący zdolność firmy do opłacenia bieżących zobowiązań wyłącznie za pomocą gotówki i środków na rachunkach, to wskaźnik płynności:",gotówkowej (Cash Ratio),bieżącej (Current Ratio),szybkiej (Quick Ratio),operacyjnej
"Wskaźnik stopy zwrotu z aktywów ogółem (Return on Total Assets, ROA), oblicza się korzystając z następującej formuły:",zysk netto/przeciętny stan aktywów,zysk netto/przychody ze sprzedaży,przeciętny stan aktywów/przychody ze sprzedaży,aktywa obrotowe/zobowiązania bieżące
Wskaźnik ROE (stopa zwrotu z kapitału własnego) informuje:,ile zysku netto przypada na jednostkę kapitału własnego,o sprawności zarządzania zapasami,o udziale długu w finansowaniu aktywów,o zdolności firmy do regulowania krótkoterminowych zobowiązań
"Wskaźnik informujący, jaka część zrealizowanych przychodów ze sprzedaży stanowi wypracowany zysk netto w relacji do poniesionych nakładów inwestycyjnych, to:",ROI (Return on Investment),ROE (Return on Equity),ROA (Return on Assets),ROS (Return on Sales)
"Wskaźnik rentowności sprzedaży (ROS) informuje o tym, ile zysku netto zostaje w firmie z każdej zarobionej złotówki:","przychodu ze sprzedaży, po odliczeniu wszystkich kosztów",kapitału własnego zaangażowanego w firmę,aktywów ogółem posiadanych przez firmę,nakładów inwestycyjnych poniesionych na projekt
"Jeżeli pytanie dotyczy tego, jaką część zrealizowanej sprzedaży stanowi zysk operacyjny (a nie zysk netto), prawidłową odpowiedzią jest nadal:","rentowność sprzedaży (ROS), liczona wtedy przy użyciu zysku operacyjnego (EBIT)",rentowność aktywów (ROA),rentowność kapitału własnego (ROE),rentowność inwestycji (ROI)
"Wskaźnik rentowności aktywów (ROA) pokazuje, jak skutecznie przedsiębiorstwo zarządza swoim:",całym zaangażowanym majątkiem (aktywami ogółem) w celu generowania zysków,kapitałem własnym wniesionym przez akcjonariuszy,wyłącznie środkami pieniężnymi na rachunku bankowym,nakładami poniesionymi na jeden konkretny projekt inwestycyjny
"Kluczowy wskaźnik z perspektywy założycieli i inwestorów spółki, określający relację między wynikiem finansowym firmy a kapitałem, który w nią zainwestowali, to:",ROE (rentowność kapitału własnego),ROA (rentowność aktywów),ROS (rentowność sprzedaży),ROI (rentowność inwestycji)
"Analiza Du Ponta pokazuje, że aby podnieść zyskowność kapitałów własnych (ROE), firma może m.in.:","podnosić marże handlowe (ROS), efektywniej obracać majątkiem (ROA) oraz wspomagać się kapitałem obcym (lewarowanie)",wyłącznie zwiększać zatrudnienie w dziale sprzedaży,wyłącznie obniżać ceny swoich produktów,wyłącznie zwiększać liczbę wyemitowanych akcji
"Inwestycję ocenianą według wskaźnika ROE uznaje się za opłacalną, gdy stopa zwrotu ROE jest:","wyższa lub równa rynkowej stopie procentowej (R), np. oprocentowaniu obligacji skarbowych",niższa od rynkowej stopy procentowej,dokładnie równa zero,"wyższa od stopy inflacji, niezależnie od stopy procentowej"
"Podstawowym ograniczeniem prostych wskaźników rentowności, takich jak ROI czy ROE, jest to, że:",nie uwzględniają zmienności wartości pieniądza w czasie,nie da się ich w ogóle obliczyć dla małych firm,"uwzględniają wyłącznie przychody, a pomijają zyski",mogą przyjmować wyłącznie wartości dodatnie
Analiza makrootoczenia pozwala przedsiębiorstwu:,"poznać, które czynniki są lub mogą być szansami rozwojowymi dla przedsiębiorstwa",opracować strategię modyfikowania makrootoczenia,ocenić siłę dostawców i nabywców,usprawnić procesy wewnętrzne w przedsiębiorstwie
"Otoczenie bliższe, nazwane mikrootoczeniem, definiuje się jako obszar otoczenia, który:",ma wpływ na firmę i na który firma może mieć również wpływ,nie ma wpływu na firmę i na który firma nie ma wpływu,"nie ma wpływu na firmę, ale na który firma ma wpływ","firma może kontrolować, regulować lub w inny sposób na nie oddziaływać"
Do elementów otoczenia bliższego nie zalicza się:,sfery ekonomicznej,dostawców i klientów,instytucji pośrednictwa pracy,konkurentów
Który z podmiotów nie należy do otoczenia konkurencyjnego?,państwo,dostawcy,konkurenci,klienci
Do makrootoczenia przedsiębiorstwa nie zalicza się:,otoczenia konkurencyjnego,otoczenia technologicznego,otoczenia prawnego,otoczenia demograficznego
Analiza strategiczna to badanie otoczenia przedsiębiorstwa oraz jego wnętrza w celu:,"zdiagnozowania obecnej pozycji rynkowej, przewidzenia przyszłych warunków działania i wyboru odpowiedniej strategii",wyłącznie ustalenia aktualnej wartości księgowej firmy,wyłącznie obliczenia bieżącego zysku netto przedsiębiorstwa,wyłącznie sporządzenia rocznego sprawozdania finansowego
"Analiza potencjału strategicznego organizacji, w odróżnieniu od analizy makro- i mikrootoczenia, koncentruje się na:","wnętrzu firmy, czyli identyfikacji i ocenie jej zasobów, kompetencji oraz procesów","globalnych, ogólnokrajowych trendach niezależnych od firmy","bezpośrednim rynku, na którym działa firma, oraz jej konkurentach",wyłącznie relacjach firmy z dostawcami
Podstawowym kryterium podziału otoczenia przedsiębiorstwa na mikro- i makrootoczenie jest:,możliwość oddziaływania firmy na poszczególne elementy otoczenia,wielkość geograficzna danego elementu otoczenia,liczba pracowników zaangażowanych w daną relację,wysokość kosztów związanych z danym elementem otoczenia
Przepisy podatkowe obowiązujące w danym kraju są przykładem:,"makrootoczenia, na które firma nie ma bezpośredniego wpływu","mikrootoczenia, na które firma może swobodnie oddziaływać",potencjału strategicznego firmy,wewnętrznego zasobu organizacji
Który z elementów nie należy do podstaw koncepcji Just in Time:,duża ilość defektów,zero zapasów,"małe, częste uzupełnianie ilości produktów",krótkie cykle realizacji zamówień
Argumentem przemawiającym za utrzymywaniem określonego poziomu zapasów nie jest:,działalność w 100% bazująca na koncepcji Just in Time,pełne wykorzystanie zdolności produkcyjnych,ochrona przed błędami prognozowania popytu,umożliwienie przyspieszenia realizacji zamówień klientów
"System Just-in-Time (JIT), wprowadzony przez Toyota Motor Company na początku lat 60. XX wieku, ma na celu przede wszystkim:",minimalizację kosztów magazynowania i eliminację nadwyżki zapasów,maksymalizację wielkości magazynowanych zapasów bezpieczeństwa,zwiększenie liczby dostawców niezależnie od kosztów,wydłużenie cykli realizacji zamówień
W systemie JIT produkcja rusza dopiero po złożeniu zamówienia przez klienta. Ten mechanizm nazywamy systemem:,pull,push,kanban,just-in-case
Zasada „7 razy zero” w systemie JIT dąży do wyeliminowania m.in.:,"braków, opóźnień, zapasów, kolejek oraz bezczynności",wszystkich kosztów stałych firmy,całego zatrudnienia w dziale produkcji,jakiejkolwiek komunikacji między działami
W metodzie Kanban najważniejszą regułą jest ustalenie z góry:,"limitu pracy w toku (WIP), czyli maksymalnej liczby zadań realizowanych jednocześnie",maksymalnej liczby pracowników w zespole,minimalnej liczby dostawców surowców,maksymalnego budżetu projektu
"Dowolny zasób, etap procesu lub stanowisko pracy, którego przepustowość jest najniższa w całym procesie i wyznacza tempo działania całego systemu, nazywamy:",wąskim gardłem (bottleneck),limitem WIP,kołem jakości,ekonomią skali
"Firma stosująca strategię push produkuje towar z góry, licząc na jego sprzedaż, a następnie:",„wypycha” gotowy towar na rynek za pomocą promocji i obniżek cen,"czeka na konkretne zamówienie klienta, zanim rozpocznie produkcję",w ogóle nie prowadzi żadnych działań marketingowych,produkuje wyłącznie na indywidualne zamówienie
"W odróżnieniu od strategii push, strategia pull polega na tym, że:","to klient „ciągnie” produkcję za sobą, a firma niemal nie zamraża pieniędzy w zapasach magazynowych",firma produkuje jak najwięcej towaru z wyprzedzeniem,klient nie ma żadnego wpływu na moment rozpoczęcia produkcji,firma zawsze utrzymuje duże zapasy bezpieczeństwa
Niezgodne z teorią noblistów Kahnemana i Tversky’ego dotyczącą percepcji strat i zysków jest stwierdzenie:,ludzie bardziej cieszą się z wygrania 50 zł niż martwią z powodu przegrania 50 zł,ludzie bardziej martwią się z powodu przegrania 1000 zł niż cieszą z powodu wygrania 1000 zł,subiektywna różnica między stratą 0 zł a 50 zł jest większa niż między stratą 50 zł a 100 zł,subiektywna różnica między zwiększeniem zysku od 0 zł do 100 zł jest większa niż różnica między zwiększeniem zysku od 100 zł do 200 zł
Które z poniższych zjawisk stanowi kluczową barierę dla pełnej racjonalności w procesie podejmowania decyzji?,występowanie błędów poznawczych (heurystyk i uprzedzeń),dostęp do kompletnych i precyzyjnych danych,nieograniczony czas na analizę wszystkich dostępnych opcji,zdolność do obliczania prawdopodobieństwa złożonych zdarzeń
W finansach behawioralnych formułowanie opinii na podstawie niewielkiej ilości informacji to definicja najlepiej opisująca:,pułapkę dostępności,efekt potwierdzających wiadomości,efekt zakotwiczenia,efekt złudzenia kontroli
Tendencja do przeceniania czynników osobowościowych i niedoceniania czynników sytuacyjnych w wyjaśnianiu zachowań innych ludzi to:,podstawowy błąd atrybucji,efekt halo,efekt zakotwiczenia,złudzenie kontroli
"Zgodnie z hipotezą efektywności rynków, inwestor, który przeczyta w gazecie ciekawą informację o spółce i na jej podstawie zainwestuje w jej akcje:","nie osiągnie dzięki temu ponadprzeciętnego zysku, bo ta informacja jest już uwzględniona w cenie akcji","zawsze osiągnie ponadprzeciętny zysk, bo wyprzedził innych inwestorów","poniesie stratę, ponieważ media zawsze publikują nieprawdziwe informacje",osiągnie zysk równy dokładnie stopie inflacji
"Poziom efektywności rynku, przy którym ceny odzwierciedlają wyłącznie historyczne dane, a analiza techniczna nie przynosi ponadprzeciętnych zysków, to efektywność:",słaba,średnia,wysoka,zerowa
"Poziom efektywności rynku, przy którym nawet wykorzystanie informacji poufnych (insider trading) nie przynosi ponadprzeciętnych zysków, to efektywność:",wysoka,słaba,średnia,umiarkowana
"Zgodnie z behawioralną teorią portfela, inwestorzy indywidualni budujący swój portfel:","traktują poszczególne poziomy swojego „portfela-piramidy” osobno, ignorując korelacje między nimi","zawsze analizują cały swój majątek jako jedną, spójną całość",nigdy nie inwestują jednocześnie w bezpieczne i ryzykowne aktywa,"kierują się wyłącznie chłodną, matematyczną kalkulacją"
"Klasyczne podejście do ekonomii zakładało model człowieka podejmującego decyzje w pełni racjonalnie i bez emocji, określany jako:",homo oeconomicus,homo sapiens,homo ludens,homo faber
"Zgodnie z teorią perspektywy Kahnemana i Tversky'ego, o poczuciu sukcesu finansowego decyduje przede wszystkim:","bieżąca zmiana majątku (odczucie zysku lub straty), a nie jego ogólny poziom","wyłącznie całkowity, absolutny poziom posiadanego majątku",porównanie majątku do średniej krajowej,wyłącznie poziom majątku sprzed 10 lat
"Na wykresie funkcji wartości z teorii perspektywy, dla obszaru strat krzywa jest:",wypukła,wklęsła,liniowa (prosta),pozioma
"Sytuacja, w której inwestor sugeruje się zbyt mocno pierwszą usłyszaną informacją (np. ceną 100 zł za akcję), przez co trudno mu zmienić zdanie mimo nowych argumentów, to heurystyka:",zakotwiczenia,dostępności,reprezentatywności,potwierdzenia
"Zjawisko, w którym ten sam problem prowadzi do skrajnie różnych decyzji inwestora w zależności od słownego sformułowania informacji (np. „90% szans na sukces” zamiast „10% ryzyka upadku”), nazywa się:",efektem ramowania,efektem zakotwiczenia,efektem dyspozycji,efektem świeżości
"Skłonność inwestorów do zbyt szybkiego sprzedawania zyskownych akcji, przy jednoczesnym długim trzymaniu akcji przynoszących straty, nazywa się:",efektem dyspozycji,efektem ramowania,efektem kosztów utopionych,błędem koniunkcji
"Trudność w zmianie wcześniej podjętej decyzji, w którą włożyliśmy już sporo pieniędzy, czasu lub wysiłku, nawet gdy dalsze trwanie przy niej jest nieracjonalne, to efekt:",kosztów utopionych,dyspozycji,zakotwiczenia,„na koszt firmy”
"Fałszywe dostrzeganie wzorców i regularności w ciągach zdarzeń czysto losowych (np. przekonanie, że po pięciu czarnych kolorach w ruletce „musi” wypaść czerwony), nazywa się:",złudzeniem gracza,błędem koniunkcji,heurystyką dostępności,efektem świeżości
"Skłonność do podejmowania nadmiernego ryzyka po wcześniejszej udanej inwestycji, jakby grało się „pieniędzmi kasyna”, a nie własnymi, to efekt:",„na koszt firmy”,nadmiernej pewności siebie,dyspozycji,kosztów utopionych
"Mylenie wartości nominalnych z realnymi, np. odczuwanie satysfakcji z 5% podwyżki płacy przy inflacji na poziomie 10%, to:",iluzja (złudzenie) pieniądza,efekt zakotwiczenia,dysonans poznawczy,efekt ramowania
Statystyczna anomalia rynkowa polegająca na osiąganiu wyższych stóp zwrotu w styczniu niż w pozostałych miesiącach roku nazywa się efektem:,kalendarza (efektem stycznia),wielkości firmy,zamkniętych funduszy powierniczych,dyspozycji
Niedźwiedź na GPW jest symbolem:,bessy,agresywnych inwestorów spekulacyjnych,hossy,największych spółek
Czym charakteryzuje się zjawisko dematerializacji papierów wartościowych?,dopuszczalnością emitowania papierów niemających postaci dokumentu materialnego,brakiem jakiejkolwiek wartości papierów wartościowych,brakiem pieniężnej wartości papierów wartościowych,brakiem konieczności umieszczania zapisów dotyczących akcji w Krajowym Depozycie Papierów Wartościowych (KDPW)
"Jeżeli wartość indeksu giełdowego pierwszego dnia spadła o 3%, a drugiego wzrosła o 3%, to po dwóch dniach wartość indeksu:",jest nieznacznie mniejsza niż na początku,jest taka sama jak na początku,jest nieznacznie większa niż na początku,jest najniższa w ciągu dwóch dni
Wskaż najbardziej ryzykowaną formę inwestowania z poniższych:,kontrakty FOREX,akcje blue chipów giełdowych,akcje spółek surowcowych,obligacje skarbu państwa
Byk na giełdzie jest symbolem:,hossy,bessy,stagnacji rynkowej,krachu giełdowego
"Największe spółki giełdowe, charakteryzujące się stabilnością i wysoką wartością (np. Apple, Coca-Cola, PKO BP), nazywane są potocznie:",BlueChipami,startupami,spółkami groszowymi (penny stocks),spółkami defensywnymi
"Alternatywny system obrotu prowadzony przez GPW, przeznaczony dla młodych, rozwijających się spółek, które nie spełniają rygorystycznych wymogów Rynku Głównego, to:",NewConnect,Catalyst,GlobalConnect,Treasury BondSpot
"Segment rynku GPW, na którym notowane są nie akcje, lecz obligacje, dzielący się na część detaliczną i hurtową, to:",Catalyst,NewConnect,GlobalConnect,Towarowa Giełda Energii
"Rynek GPW, na którym polski inwestor może kupić akcje spółek zagranicznych bez posiadania konta u zagranicznego brokera, to:",GlobalConnect,NewConnect,Catalyst,Rynek Główny
Standardowy czas rozliczenia transakcji akcjami na GPW (od zawarcia transakcji do faktycznego rozliczenia) wynosi:,2 dni robocze (T+2),1 dzień roboczy (T+1),5 dni roboczych (T+5),transakcja rozlicza się natychmiast (T+0)
"System notowań, w którym transakcje zawierane są bez przerwy przez całą sesję, a kurs zmienia się natychmiast po każdej pojedynczej transakcji, to system notowań:",ciągłych,jednolitych (fixing),aukcyjnych,blokowych
"System notowań, w którym o określonej godzinie (np. 11:00 lub 15:00) podsumowuje się wszystkie złożone zlecenia i wyznacza jedną wspólną cenę dla wszystkich transakcji, to system notowań:",jednolitych (fixing),ciągłych,pozagiełdowych,elektronicznych
"Instytucja, która prowadzi dematerializację papierów wartościowych oraz rozlicza transakcje zawierane na GPW, to:",Krajowy Depozyt Papierów Wartościowych (KDPW),Komisja Nadzoru Finansowego (KNF),Bankowy Fundusz Gwarancyjny (BFG),Narodowy Bank Polski (NBP)
"Akcjonariat Krajowego Depozytu Papierów Wartościowych (KDPW) dzieli się po równo, po 1/3, między:","Skarb Państwa, Narodowy Bank Polski i Giełdę Papierów Wartościowych w Warszawie","Skarb Państwa, Komisję Nadzoru Finansowego i Bank Gospodarstwa Krajowego",trzy największe banki komercyjne notowane na GPW,"NBP, KNF oraz Bankowy Fundusz Gwarancyjny"
KDPW rejestruje akcje spółki:,"po zatwierdzeniu prospektu przez KNF, ale zawsze przed faktycznym dopuszczeniem spółki do obrotu giełdowego",dopiero po faktycznym dopuszczeniu spółki do obrotu giełdowego,przed zatwierdzeniem prospektu emisyjnego przez KNF,dopiero po pierwszej sesji notowań spółki
"Głównym indeksem giełdy we Frankfurcie (Niemcy), obejmującym 40 największych niemieckich spółek, jest:",DAX,CAC 40,FTSE 100,EURO STOXX 50
Indeks EURO STOXX 50 skupia:,"50 wiodących spółek ze strefy euro, notowanych na wielu giełdach europejskich",50 największych spółek notowanych wyłącznie na giełdzie we Frankfurcie,50 spółek technologicznych notowanych na NASDAQ,50 największych spółek notowanych na Giełdzie Papierów Wartościowych w Warszawie
"Papiery wartościowe umożliwiające dokonywanie transakcji w okresie, jaki upływa od momentu zapisania się na akcje w publicznej subskrypcji, do momentu wprowadzenia akcji do obrotu na rynku regulowanym, to:",prawa do akcji,certyfikaty inwestycyjne,prawa poboru,akcje uprzywilejowane
"Inwestor, który lokuje kilka milionów złotych w nienotowanych na rynku publicznym przedsiębiorstwach we wczesnych fazach rozwoju i wchodzi do nich jako udziałowiec zazwyczaj na 2–7 lat, często wspierając je również w sposób niefinansowy (np. poprzez pomoc w zarządzaniu), to:",fundusz venture capital,anioł biznesu,bank inwestycyjny,fundusz emerytalny
"Zamożna osoba, dysponująca nadwyżkami finansowymi, szukająca przedsięwzięć, w których obejmie udziały kapitałowe, inwestując własne środki, to:",business angel,inwestor instytucjonalny,venture capital,konsultant
Obligacja zerokuponowa…..,jest zawsze sprzedawana z dyskontem,jest zawsze sprzedawana po wartości nominalnej,może być sprzedawana z premią lub dyskontem,jest zawsze sprzedawana z premią
Obligacje śmieciowe to obligacje:,o wyższym oprocentowaniu od obligacji skarbowych i emitowane przez firmy o słabej kondycji finansowej,emitowane przez podmioty o ratingach A i A+ (AAA),emitowane przez samorządy na inwestycje związane z gospodarką odpadami,o niższym oprocentowaniu od obligacji skarbowych i emitowane przez firmy o bardzo dobrej kondycji finansowej
"Prywatny inwestor, który zainwestował środki finansowe w funduszu inwestycyjnym, otrzyma:",jednostki uczestnictwa,akcje,obligacje,bony skarbowe
Co charakteryzuje fundusz inwestycyjny otwarty (FIO)?,zmienna liczba tytułów uczestnictwa i obowiązek odkupu jednostek na żądanie,określony czas istnienia i stała liczba tytułów uczestnictwa,emisja certyfikatów inwestycyjnych na okaziciela,wykup certyfikatów tylko na końcu okresu inwestycyjnego
"Która z poniższych form finansowania działalności firmy jest związana z finansowaniem przez inwestora, który w zamian obejmuje udziały i często aktywnie wspiera zarząd:",venture capital,faktoring,kredyt bankowy,leasing operacyjny
Wskaż zdanie prawdziwe dotyczące funduszy venture capital (VC).,Fundusze VC są częścią rynku private equity,Fundusze VC są zainteresowane inwestycjami na giełdzie papierów wartościowych,Z punktu widzenia przedsiębiorstwa inwestycja funduszu VC jest zazwyczaj finansowaniem dłużnym,Fundusze VC unikają ryzykownych przedsięwzięć biznesowych
"Organ spółki akcyjnej, który decyduje o podziale zysków (ustalając wysokość dywidendy) oraz powołuje i odwołuje członków rady nadzorczej, to:",Walne Zgromadzenie Akcjonariuszy (WZA),Zarząd,Rada Nadzorcza,Komisja Nadzoru Finansowego
Rada Nadzorcza spółki publicznej musi składać się z co najmniej:,5 osób,3 osób,7 osób,10 osób
Maksymalna kadencja Zarządu spółki akcyjnej wynosi:,5 lat,3 lata,2 lata,"bezterminowo, bez ograniczeń"
Akcje uprzywilejowane w głosowaniu (o ile nie są akcjami spółki publicznej) mogą dawać maksymalnie:,2 głosy na jedną akcję,3 głosy na jedną akcję,5 głosów na jedną akcję,liczbę głosów bez ograniczeń
Akcje uprzywilejowane w dywidendzie mogą oferować wyższą dywidendę niż akcje zwykłe maksymalnie o:,50%,20%,100%,10%
"Akcje wydawane w zamian za wkłady niepieniężne, np. nieruchomości czy maszyny, to akcje:",aportowe,gotówkowe,nieme,złote
"Akcje oferujące dodatkowe, nadzwyczajne prawa, np. możliwość zablokowania określonych decyzji spółki (jak w przypadku Skarbu Państwa w Orlenie), to akcje:",złote,nieme,aportowe,imienne
"Kupujesz akcję za 100 zł, rok później kosztuje ona 110 zł, a w międzyczasie spółka wypłaciła 5 zł dywidendy na akcję. Całkowita stopa zwrotu dla akcjonariusza (TSR) wynosi:",15%,10%,5%,105%
"Papier wartościowy gwarantujący dotychczasowym akcjonariuszom pierwszeństwo nabycia akcji nowej emisji, proporcjonalnie do liczby już posiadanych udziałów, to:",prawo poboru,prawo do akcji (PDA),warrant subskrypcyjny,certyfikat inwestycyjny
Osoba fizyczna nie może być:,emitentem obligacji,obligatariuszem,akcjonariuszem,posiadaczem jednostek uczestnictwa funduszu inwestycyjnego
"Rentowność do wykupu (YTM) obligacji jest wyższa od jej oprocentowania kuponowego, gdy obligacja jest kupowana:","z dyskontem, czyli poniżej wartości nominalnej","z premią, czyli powyżej wartości nominalnej",dokładnie po wartości nominalnej,"niezależnie od ceny zakupu, YTM zawsze równa się kuponowi"
"Obligacje emitowane przez jednostki samorządu terytorialnego, których spłata pochodzi wyłącznie z przychodów generowanych przez finansowane przedsięwzięcie (np. opłaty za przejazd autostradą), to obligacje:",przychodowe,komunalne ogólne,skarbowe,zamienne
"Papier wartościowy, w którym trasant wydaje trasatowi polecenie zapłacenia określonej sumy pieniężnej na rzecz remitenta, to:",weksel,obligacja,list zastawny,warrant subskrypcyjny
"Dłużny papier wartościowy emitowany wyłącznie przez banki hipoteczne, zabezpieczony hipoteką na nieruchomościach, na które udzielono kredytów, to:",list zastawny,bankowy papier wartościowy,bon skarbowy,obligacja przychodowa
"Papier wartościowy dający posiadaczowi prawo, ale nie obowiązek, do objęcia akcji nowej emisji spółki w określonym czasie i po określonej cenie, wymagający uchwały WZA, to:",warrant subskrypcyjny,prawo poboru,prawo do akcji (PDA),certyfikat inwestycyjny
"Inwestor otwierający pozycję długą (long) na kontrakcie terminowym zyskuje, gdy cena instrumentu bazowego:",wzrośnie,spadnie,pozostanie bez zmian,osiągnie zero
"W odróżnieniu od kontraktu Futures, kontrakt Forward:","jest negocjowany indywidualnie i zawierany prywatnie, głównie między dużymi instytucjami, na rynku pozagiełdowym (OTC)",jest w pełni standaryzowany i dostępny dla szerokiego kręgu inwestorów u brokerów,rozlicza zyski i straty codziennie po zakończeniu sesji giełdowej,charakteryzuje się wyższą płynnością niż kontrakt Futures
Opcja sprzedaży (put) daje jej nabywcy prawo do:,sprzedaży instrumentu bazowego po ustalonej cenie wykonania,zakupu instrumentu bazowego po ustalonej cenie wykonania,wymiany strumieni odsetkowych z drugą stroną,dostawy instrumentu bazowego w oznaczonym terminie
"Fundusz inwestycyjny, który emituje ściśle ograniczoną liczbę certyfikatów inwestycyjnych i dzięki większej swobodzie inwestycyjnej może lokować kapitał także w transakcje terminowe czy udziały spółek z o.o., to fundusz:",zamknięty (FIZ),otwarty (FIO),rynku pieniężnego,stabilnego wzrostu
"Wśród funduszy inwestycyjnych, uszeregowanych od najmniej do najbardziej ryzykownych, największym ryzykiem charakteryzują się fundusze:",akcyjne (akcji),rynku pieniężnego,obligacji (dłużne),stabilnego wzrostu
Kiedy korzystniejsze jest przejęcie firmy przez kupienie jej akcji zamiast budowania jej od podstaw?,gdy wskaźnik q Tobina jest mniejszy od jedności,gdy wskaźnik q Tobina jest większy od jedności,gdy wskaźnik q Tobina równa się jeden,gdy wskaźnik q Tobina jest większy od zera
Które z poniższych stwierdzeń najtrafniej oddaje istotę koncepcji ekonomicznej wartości dodanej (EVA) jako miernika oceny efektywności przedsiębiorstwa?,"EVA mierzy nadwyżkę zysku operacyjnego po opodatkowaniu ponad koszt całkowitego kapitału zaangażowanego w przedsiębiorstwo, odzwierciedlając tworzenie wartości dla akcjonariuszy","EVA stanowi miarę zysku księgowego, która odzwierciedla wynik finansowy netto bez uwzględnienia kosztu kapitału","EVA to wskaźnik oparty na przepływach pieniężnych, który pomija koszt kapitału własnego w ocenie efektywności przedsiębiorstwa","EVA to wskaźnik rentowności sprzedaży, który pokazuje relację zysku operacyjnego do przychodów"
"Metoda wyceny przedsiębiorstwa, w której wartość firmy to po prostu wartość jej aktywów pomniejszona o zobowiązania (dokładnie to, co widać w bilansie), to metoda:",księgowa,odtworzeniowa,likwidacyjna,dochodowa
"Metoda wyceny pytająca, ile kosztowałoby dziś zbudowanie identycznej firmy od zera, to metoda:",odtworzeniowa,księgowa,likwidacyjna,porównawcza
"Metoda wyceny szacująca, ile dostalibyśmy sprzedając firmę na części (sumując rynkowe ceny składników majątku pomniejszone o zobowiązania i koszty likwidacji), to metoda:",likwidacyjna,księgowa,odtworzeniowa,dochodowa
"Metody wyceny przedsiębiorstwa oparte na oszacowaniu przyszłych dochodów lub przepływów pieniężnych, takie jak DCF czy FCFE, to metody:",dochodowe,majątkowe,porównawcze (mnożnikowe),mieszane
"Wskaźnik pokazujący, ile inwestorzy płacą za 1 zł zysku netto wypracowanego przez spółkę, to wskaźnik:",P/E (cena akcji do EPS),EPS (zysk netto na akcję),P/BV (wartość rynkowa do wartości księgowej),ROE (rentowność kapitału własnego)
Wskaźnik EPS (Earnings per Share) informuje o tym:,ile wypracowanego zysku netto przypada na jedną akcję spółki,ile inwestorzy płacą za 1 zł zysku spółki,jaka jest relacja wartości rynkowej spółki do jej wartości księgowej,jaki procent zysku spółka wypłaca w formie dywidendy
"Wycena całej spółki z perspektywy wszystkich, którzy dostarczyli jej kapitał (nie tylko akcjonariuszy, ale i wierzycieli), sumująca wartość rynkową akcji oraz dług, to:",Enterprise Value (EV),wartość godziwa,wartość księgowa,kapitalizacja rynkowa
Spółka ma 1 milion akcji po 50 zł każda oraz 10 mln zł długu w postaci kredytów i obligacji. Jej wartość EV (Enterprise Value) wynosi:,60 mln zł,50 mln zł,40 mln zł,10 mln zł
"MVA (Market Value Added), w odróżnieniu od EVA:","pokazuje efekt zarządzania firmą od samego początku jej istnienia, a nie tylko wynik jednego roku",patrzy wyłącznie na wynik jednego roku działalności spółki,pomija koszt kapitału zaangażowanego przez akcjonariuszy,jest tożsama z EVA i oznacza dokładnie to samo
Segmentem rynku finansowego nie jest:,rynek bezterminowy,rynek walutowy,rynek pieniężny,rynek kapitałowy
Która z poniższych instytucji pełni funkcję nadzorczą nad rynkiem finansowym w Polsce?,Komisja Nadzoru Finansowego (KNF),Narodowy Bank Polski (NBP),Ministerstwo Finansów,Główny Urząd Statystyczny (GUS)
"Rynek, na którym emitent po raz pierwszy oferuje inwestorom nabycie papierów wartościowych nowej emisji, pozyskując w ten sposób nowy kapitał, to rynek:",pierwotny,wtórny,terminowy,pozagiełdowy
"Obrót wcześniej wyemitowanymi papierami wartościowymi bezpośrednio między inwestorami, który nie zasila już emitenta nowym kapitałem, odbywa się na rynku:",wtórnym,pierwotnym,pieniężnym,kredytowym
"Rynek nieregulowany, na którym transakcje zawierane są bezpośrednio między stronami (np. rynek międzybankowy), nazywany jest rynkiem:","niepublicznym (pozagiełdowym, OTC)",publicznym (zorganizowanym),pierwotnym,terminowym
"Segment rynku finansowego obejmujący instrumenty o okresie zapadalności maksymalnie jednego roku (np. bony skarbowe), to rynek:",pieniężny,kapitałowy,walutowy,kredytowy
"Międzynarodowy rynek wymiany walut, powszechnie znany pod nazwą Forex, charakteryzuje się:","wysoką płynnością, umożliwiającą łatwą i natychmiastową wymianę walut",bardzo niską płynnością i długim czasem realizacji transakcji,dostępnością wyłącznie dla banków centralnych,obowiązkowym pośrednictwem Giełdy Papierów Wartościowych
Komisja Nadzoru Finansowego (KNF) została powołana w:,"lipcu 2006 roku, zastępując Komisję Papierów Wartościowych i Giełd oraz Komisję Nadzoru Ubezpieczeń i Funduszy Emerytalnych","styczniu 1990 roku, jako pierwsza instytucja nadzorcza po transformacji ustrojowej","2015 roku, po wprowadzeniu jednolitej licencji bankowej UE","2000 roku, wraz z wejściem Polski do Unii Europejskiej"
Nadzorowi Komisji Nadzoru Finansowego (KNF) nie podlega:,działalność giełdy towarowej,rynek kapitałowy,sektor bankowy,rynek ubezpieczeniowy i emerytalny
"Mechanizm stosowany przez Bankowy Fundusz Gwarancyjny (BFG) w celu ratowania banku zagrożonego niewypłacalnością, polegający m.in. na umorzeniu lub konwersji jego zobowiązań, to:",bail-in,bail-out,dematerializacja,sekurytyzacja
"Jedynym w pełni państwowym bankiem w Polsce, którego właścicielem jest Skarb Państwa, jest:",Bank Gospodarstwa Krajowego (BGK),Narodowy Bank Polski (NBP),PKO Bank Polski,Bank Pekao S.A.
"W odróżnieniu od NBP, który jedynie przechowuje pieniądze rządu na Centralnym Rachunku Bieżącym Budżetu Państwa, Bank Gospodarstwa Krajowego (BGK):",zarządza funduszami celowymi i wypłaca środki na konkretne projekty rządowe (np. Krajowy Fundusz Drogowy),prowadzi politykę pieniężną państwa i ustala stopy procentowe,nadzoruje rynek kapitałowy i ubezpieczeniowy,gwarantuje depozyty klientów banków komercyjnych
Który z etapów nie jest składową analizy fundamentalnej:,analiza notowań spółki,analiza makrootoczenia,analiza sektorowa,analiza finansowa spółki
W jakim horyzoncie czasowym ma zastosowanie analiza fundamentalna (jako metoda inwestowania kapitału)?,w horyzoncie długo- i średnioterminowym,w horyzoncie krótkoterminowym,w horyzoncie krótko- i średnioterminowym,w każdym horyzoncie czasowym
Na jakich założeniach (tzw. aksjomatach) bazuje analiza techniczna?,"rynek dyskontuje wszystko, ceny podlegają trendom, historia się powtarza","rynek dyskontuje wszystko, ceny podlegają trendom, przeszłość należy do biznesu","rynek dyskontuje wszystko, ceny podlegają trendom, przyszłość należy do biznesu","rynek dyskontuje wszystko, ceny podlegają trendom, liczy się tylko teraźniejszość"
W analizie fundamentalnej nie bierze się pod uwagę:,kształtowania się cen akcji w przeszłości,sytuacji w sektorze firmy,kondycji finansowej spółki,perspektyw rozwoju przedsiębiorstwa
Celem analizy technicznej jest:,"próba przewidzenia przyszłych ruchów kursu akcji na podstawie danych historycznych, a nie badanie kondycji samej firmy",oszacowanie rzeczywistej wartości akcji na podstawie kondycji finansowej spółki,ocena sytuacji makroekonomicznej i politycznej państwa,wyliczenie wartości firmy metodą zdyskontowanych przepływów pieniężnych
Analiza fundamentalna ma na celu sprawdzenie:,"czy akcja spółki na giełdzie jest niedoceniana, czy przewartościowana względem jej rzeczywistej wartości",w którą stronę zmierza aktualnie kurs akcji na podstawie wykresu,jakie formacje świecowe pojawiły się na wykresie w ostatnim tygodniu,jaki jest aktualny poziom wsparcia i oporu dla danej akcji
Poprawna kolejność pięciu etapów analizy fundamentalnej to:,"analiza makroekonomiczna, sektorowa, sytuacyjna firmy, finansowa, wycena akcji","analiza finansowa, sektorowa, makroekonomiczna, sytuacyjna firmy, wycena akcji","wycena akcji, analiza finansowa, sytuacyjna firmy, sektorowa, makroekonomiczna","analiza sektorowa, makroekonomiczna, wycena akcji, sytuacyjna firmy, finansowa"
"Etap analizy fundamentalnej polegający na ocenie pozycji i kondycji przedsiębiorstwa na tle konkurencji (np. porównaniu udziału w rynku), to:",analiza sytuacyjna firmy,analiza finansowa przedsiębiorstwa,analiza sektorowa (branżowa),analiza makroekonomiczna
"Wskaźnik C/Z (cena do zysku), wykorzystywany na ostatnim etapie analizy fundamentalnej (wycena akcji), pokazuje:",ile trzeba zapłacić za 1 zł zysku wypracowanego przez spółkę,ile zysku netto przypada na jedną akcję spółki,jaki procent zysku spółka przeznacza na dywidendę,jaka jest wartość księgowa jednej akcji spółki
Do narzędzi analizy technicznej należą m.in.:,"linie trendu, poziomy oporu i wsparcia, formacje oraz świece japońskie",analiza makroekonomiczna i sektorowa,"wskaźniki EPS, P/E oraz P/BV","metody dochodowe, takie jak DCF czy FCFE"
"Kluczowym założeniem stojącym za analizą fundamentalną jest to, że:",rynek (inwestorzy) często niedoszacowuje lub przewartościowuje cenę akcji względem realnej wartości spółki,rynek zawsze dyskontuje wszystkie dostępne informacje w cenie akcji,"ceny akcji zawsze podlegają powtarzalnym, matematycznym trendom",historia zawsze się powtarza w identyczny sposób
Połączenie analizy technicznej i fundamentalnej w ramach jednego podejścia inwestycyjnego nazywane jest analizą:,mieszaną,zintegrowaną,hybrydową ilościową,kompleksową
"Spadek stopy bezrobocia w okresie wzrostu gospodarczego oznacza, że bezrobocie miało charakter:",koniunkturalny,frykcyjny,strukturalny,ukryty
Bezrobocie frykcyjne to bezrobocie związane:,z mobilnością ludności,z załamaniem gospodarki,z wahaniami zatrudnienia spowodowanymi porami roku,ze wzrostem automatyzacji
"Bezrobocie obejmujące osoby skłonne podjąć pracę przy danej płacy realnej, lecz niemogące jej znaleźć, to bezrobocie:",przymusowe,frykcyjne,technologiczne,naturalne
"Minimalne bezrobocie, trudne do zredukowania, występujące w związku z nieustannym ruchem ludności przemieszczającej się z jednego regionu do innego, z jednej pracy do drugiej, to bezrobocie:",frykcyjne,sezonowe,strukturalne,ukryte
Bezrobocie strukturalne jest spowodowane:,niedopasowaniem kwalifikacji pracowników do potrzeb pracodawców,migracjami ludności,sezonowymi zmianami w gospodarce,spadkiem koniunktury w gospodarce
Bezrobocie mierzymy:,stosunkiem liczby bezrobotnych osób poszukujących pracy do zasobów siły roboczej,stopą aktywności zawodowej,stosunkiem liczby osób aktywnych zawodowo do wszystkich osób w wieku produkcyjnym,stosunkiem liczby bezrobotnych osób poszukujących pracy do wszystkich osób w wieku produkcyjnym
"Liczba osób, które pracodawcy są gotowi zatrudnić w zamian za określone wynagrodzenie, to:",popyt na pracę,podaż pracy,zasoby siły roboczej,współczynnik aktywności zawodowej
"Zapotrzebowanie na pracowników, wynikające bezpośrednio z popytu na dobra i usługi, które ci pracownicy wytwarzają, nazywane jest popytem:",pochodnym,bezpośrednim,strukturalnym,naturalnym
Wzrost wydajności pracy oraz poziomu kwalifikacji pracowników powoduje:,przesunięcie krzywej popytu na pracę w prawo (wzrost popytu),przesunięcie krzywej popytu na pracę w lewo,ruch wzdłuż tej samej krzywej popytu,brak jakiegokolwiek wpływu na popyt na pracę
"Postęp technologiczny, np. wprowadzenie sztucznej inteligencji, może być wobec pracy:",substytucyjny (zastępujący pracowników o niskich kwalifikacjach) lub komplementarny (tworzący popyt na specjalistów),"wyłącznie substytucyjny, niezależnie od rodzaju pracy","wyłącznie komplementarny, niezależnie od rodzaju pracy",całkowicie neutralny wobec rynku pracy
"Efekt substytucyjny w podaży pracy oznacza, że wraz ze wzrostem wynagrodzenia:","czas wolny staje się relatywnie droższy, więc rośnie skłonność do dłuższej pracy","dochód rośnie, co skłania do wyboru większej ilości czasu wolnego",ludzie całkowicie rezygnują z pracy,podaż pracy pozostaje zawsze bez zmian
"Efekt dochodowy w podaży pracy oznacza, że wyższe zarobki:","zwiększają dochód, co może skłaniać do wyboru większej ilości czasu wolnego i skrócenia czasu pracy",zawsze zwiększają skłonność do dłuższej pracy,nie mają żadnego wpływu na decyzje pracownika,prowadzą wyłącznie do wzrostu popytu na pracę
Wysokie zasiłki dla bezrobotnych i płatne urlopy rodzicielskie mogą:,"przesuwać krzywą podaży pracy w lewo, osłabiając motywację finansową do poszukiwania pracy",przesuwać krzywą podaży pracy w prawo,nie mieć żadnego wpływu na podaż pracy,zawsze zwiększać popyt na pracę
Wprowadzenie przez państwo płacy minimalnej powyżej płacy równowagi rynkowej powoduje:,"spadek popytu na pracę i wzrost podaży pracy, co prowadzi do bezrobocia","wzrost zarówno popytu, jak i podaży pracy","spadek zarówno popytu, jak i podaży pracy",brak jakiejkolwiek zmiany na rynku pracy
"Osoby w wieku produkcyjnym, które nie pracują i nie szukają zatrudnienia, pozostając poza rynkiem pracy, nazywane są:",biernymi zawodowo,aktywnymi zawodowo,bezrobotnymi,zatrudnionymi
"Ogół osób, które weszły na rynek pracy, czyli są pracujące lub poszukujące zatrudnienia, nazywamy:",aktywnymi zawodowo (zasobem siły roboczej),biernymi zawodowo,ludnością w wieku produkcyjnym,bezrobotnymi
"Zgodnie z metodologią BAEL, aby zostać uznanym za osobę bezrobotną, trzeba spełnić m.in. warunek:",gotowości do podjęcia pracy w ciągu najbliższych 2 tygodni,posiadania wyższego wykształcenia,zarejestrowania się w urzędzie pracy,ukończenia kursu przekwalifikowującego
"W odróżnieniu od bezrobocia rejestrowanego, bezrobocie BAEL-owskie:",opiera się na badaniach ankietowych i nie zależy od faktu rejestracji w urzędzie pracy,opiera się wyłącznie na oficjalnych danych z urzędów pracy,jest zawsze niższe niż bezrobocie rejestrowane,dotyczy wyłącznie osób poniżej 25. roku życia
"Bezrobocie związane z niedostatecznym popytem globalnym, pojawiające się, gdy gospodarka wchodzi w recesję, nazywane jest bezrobociem:","cyklicznym (koniunkturalnym, keynesowskim)",frykcyjnym,strukturalnym,naturalnym
"Bezrobocie obejmujące osoby, które nie chcą podjąć pracy przy obecnej, rynkowej płacy, uznając że korzystniej jest pozostać bez zatrudnienia, to bezrobocie:",dobrowolne,przymusowe,ukryte,naturalne
"Zjawisko, w którym osoby oficjalnie gdzieś pracują, ale ich praca jest w rzeczywistości nieproduktywna lub zbędna, to bezrobocie:",ukryte (utajone),dobrowolne,przymusowe,naturalne
"Bezrobocie istniejące w warunkach równowagi na rynku pracy, będące zazwyczaj sumą bezrobocia strukturalnego i frykcyjnego, nazywane jest bezrobociem:",naturalnym (równowagi),cyklicznym,dobrowolnym,ukrytym
Współczynnik aktywności zawodowej (WAZ) oblicza się jako stosunek:,liczby osób aktywnych zawodowo do całkowitej liczby osób w wieku produkcyjnym,liczby bezrobotnych do liczby aktywnych zawodowo,liczby pracujących do liczby osób w wieku produkcyjnym,liczby bezrobotnych do liczby osób w wieku produkcyjnym
Stopa zatrudnienia (wskaźnik zatrudnienia) mierzy procentowy udział:,ludności faktycznie pracującej w ogólnej liczbie ludności danej kategorii (np. w wieku produkcyjnym),osób bezrobotnych w ogólnej liczbie aktywnych zawodowo,osób aktywnych zawodowo w ogólnej liczbie ludności,osób biernych zawodowo w ogólnej liczbie ludności
Do aktywnych (nie pasywnych) metod walki z bezrobociem zalicza się m.in.:,pośrednictwo pracy oraz staże zawodowe,zasiłek dla bezrobotnych oraz roboty publiczne,obniżenie wieku emerytalnego,skracanie maksymalnego czasu pracy
Wypłata zasiłku dla bezrobotnych jest przykładem:,pasywnej metody walki z bezrobociem,aktywnej metody walki z bezrobociem,metody zwiększającej popyt na pracę,metody obniżającej podaż pracy
Krzywa Phillipsa pokazuje:,odwrotną zależność między stopą bezrobocia a stopą inflacji,wprost proporcjonalną zależność między stopą bezrobocia a stopą inflacji,zależność między płacą minimalną a stopą bezrobocia,zależność między PKB a stopą inflacji
"Zjawisko jednoczesnego wystąpienia wysokiej inflacji i wysokiego bezrobocia w latach 70. XX wieku, przeczące zależności z krzywej Phillipsa w długim okresie, nazywane jest:",stagflacją,dezinflacją,deflacją,hiperinflacją
"Pracownik zarabiał 3000 zł, a teraz zarabia 3300 zł (wzrost nominalny o 10%), przy inflacji na poziomie 5%. Jego realny wzrost wynagrodzenia wynosi w przybliżeniu:","4,76%",10%,5%,15%
Zaletą rekrutacji wewnętrznej nie jest:,efekt domino,lepsze rozpoznanie kandydata,niski koszt pozyskania pracowników,zmniejszenie płynności kadr
Assessment center służy przede wszystkim do:,oceniania kandydatów do pracy,planowania kadr,motywowania pracowników,przyjaznego zwalniania pracowników
Najskuteczniejszą metodą selekcji pracowników spośród poniżej wymienionych jest:,assessment center,analiza dokumentów aplikacyjnych,autoprezentacja kandydata,wywiad ustrukturyzowany
"Organ państwowy sprawujący nadzór i kontrolę nad przestrzeganiem prawa pracy w Polsce, kontrolujący m.in. przepisy BHP i legalność zatrudnienia, to:",Państwowa Inspekcja Pracy (PIP),urząd pracy,Zakład Ubezpieczeń Społecznych (ZUS),Komisja Nadzoru Finansowego (KNF)
"W odróżnieniu od urzędu pracy, który pomaga bezrobotnym znaleźć zatrudnienie, Państwowa Inspekcja Pracy:","kontroluje, czy pracodawcy przestrzegają prawa pracy wobec już zatrudnionych osób",zajmuje się wyłącznie wypłatą zasiłków dla bezrobotnych,prowadzi wyłącznie rekrutację pracowników do sektora publicznego,ustala wysokość płacy minimalnej w Polsce
"Łatwo mierzalne, konkretne umiejętności i wiedza fachowa (np. obsługa Excela, znajomość języków obcych), to kompetencje:",twarde,miękkie,ukryte,wrodzone
"Cechy takie jak odporność na stres, umiejętność pracy w grupie czy zdolności przekonywania innych, trudne do precyzyjnego zmierzenia, to kompetencje:",miękkie,twarde,formalne,techniczne
Proces doboru pracowników obejmuje kolejno:,"rekrutację, selekcję oraz wprowadzenie do pracy","rekrutację, selekcję oraz ocenę pracowniczą","selekcję, rekrutację oraz ocenę pracowniczą","rekrutację, ocenę pracowniczą oraz wprowadzenie do pracy"
Ocena pracownicza:,"nie wchodzi w skład procesu doboru pracowników, ponieważ dotyczy już zatrudnionej osoby, a nie kandydata",jest pierwszym etapem procesu doboru pracowników,jest tożsama z etapem selekcji kandydatów,zawsze poprzedza etap rekrutacji
"Zjawisko, w którym jedna wyrazista, pozytywna cecha ocenianej osoby (np. atrakcyjny wygląd) prowadzi do przypisania jej innych, niezaobserwowanych cech pozytywnych, nazywane jest:",efektem aureoli dodatniej (halo effect),efektem aureoli ujemnej (horns effect),efektem Galatei,efektem Golema
"Samospełniające się proroctwo sukcesu, oparte na wysokich własnych oczekiwaniach jednostki co do swoich możliwości, wzmacniane przez menedżera budującego w pracowniku poczucie wartości, to efekt:",Galatei,Golema,aureoli,Hawthorne
"Spadek wydajności i motywacji pracownika na skutek niskich oczekiwań przełożonego, który nieświadomie przekazuje pracownikowi sygnały o jego rzekomej niekompetencji, to efekt:",Golema,Galatei,aureoli,Hawthorne
"Model zarządzania zasobami ludzkimi, w którym firma preferuje rekrutację zewnętrzną i selekcjonuje kandydatów w poszukiwaniu już wysoko wykwalifikowanych specjalistów, to model:",sita,kapitału ludzkiego,kompetencyjny,turkusowy
"Model zarządzania zasobami ludzkimi, w którym firma preferuje rekrutację wewnętrzną i ponosi znaczne nakłady na podnoszenie kwalifikacji własnych pracowników, to model:",kapitału ludzkiego,sita,kompetencyjny,turkusowy
"Wysoce wyspecjalizowana forma rekrutacji zewnętrznej, prowadzona przez profesjonalnych rekruterów w celu dyskretnego pozyskania unikalnych specjalistów lub przedstawicieli wyższej kadry zarządzającej, to:",headhunting,outplacement,assessment center,model sita
"Zaplanowany proces zwalniania pracowników, w ramach którego firma jednocześnie pomaga im znaleźć nowe zatrudnienie, chroniąc przy tym własny wizerunek, to:",outplacement,headhunting,assessment center,rekrutacja wewnętrzna
"Dokument formalnie zatwierdzający powołanie projektu, wyznaczający jego cele i wskaźniki, rezultaty projektu, ramowy harmonogram i budżet oraz kluczowe role i odpowiedzialności to:",karta projektu,plan kierowania projektem,studium wykonalności projektu,plan jakości projektu
W którym etapie cyklu życia projektu powstaje WBS (Work Breakdown Structure)?,planowanie projektu,inicjowanie projektu,realizacja projektu,zamykanie projektu
"Który dokument zawiera najczęściej uzasadnienie projektu, główne cele oraz kluczowe ryzyka?",karta projektu,harmonogram,rejestr zmian,raport końcowy
"Dokument, który wykazuje, dlaczego opłaca się zrealizować projekt, i zawiera m.in. opis problemu oraz wpływ projektu na realizację strategii, to:",uzasadnienie biznesowe (business case),studium wykonalności (feasibility study),deklaracja pracy (SOW),struktura podziału pracy (WBS)
"Bardzo szczegółowy dokument, służący do oceny złożonych projektów z punktu widzenia technicznego, finansowego i organizacyjnego, to:",studium wykonalności (feasibility study),uzasadnienie biznesowe (business case),deklaracja pracy (SOW),karta projektu
W studium wykonalności ocenia się projekt według trzech kryteriów:,"celowości, wykonalności i efektywności","celowości, kwalifikowalności i efektywności","wykonalności, rentowności i płynności","zakresu, czasu i kosztu"
"W studium wykonalności pytanie, czy korzyści z projektu przewyższą jego koszty, dotyczy kryterium:",efektywności,celowości,wykonalności,ryzyka
Deklaracja pracy (SOW) powinna zawierać między innymi:,"mierzalne kryteria sukcesu, listę użytkowników produktu i opis rezultatu",analizę kosztów i korzyści oraz analizę alternatywnych rozwiązań dla projektu,"podział prac projektu na fazy, etapy i zadania wraz z zasadą 100%","ocenę celowości, wykonalności i efektywności projektu z różnych punktów widzenia"
Struktura podziału pracy (WBS) dzieli projekt na trzy poziomy:,"fazy, etapy i zadania","programy, projekty i zadania","cele, produkty i zasoby","inicjowanie, planowanie i zamykanie"
"Zasada 100% w strukturze podziału pracy (WBS) oznacza, że WBS musi:",obejmować wszystkie prace potrzebne do zrealizowania projektu,zostać w całości zatwierdzona przez sponsora,wykorzystywać cały przyznany budżet projektu,być realizowana przez jednego wykonawcę
Zgodnie z regułą 8/80 zadania w strukturze podziału pracy (WBS) powinny trwać:,dłużej niż 8 i krócej niż 80 godzin,krócej niż 8 godzin,dłużej niż 80 godzin,dokładnie 80 godzin
"W klasyfikacji interesariuszy interesariusze potencjalnie aktywni, to interesariusze:",o małym stopniu zaangażowania i dużej sile oddziaływania,o małym stopniu zaangażowania i małej sile oddziaływania,o dużym stopniu zaangażowania i małej sile oddziaływania,o dużym stopniu zaangażowania i dużej sile oddziaływania
M. A. Rodriguez i J. E. Ricart są autorami podziału interesariuszy ze względu na ich wartość dla danej organizacji. W klasyfikacji interesariuszy projektów terminu interesariusze kontekstowi używa się w odniesieniu do:,instytucji społecznych i rządowych,konkurencji,kooperantów i dostawców,akcjonariuszy i właścicieli
W zarządzaniu projektami osoba korzystająca z efektów projektu to:,beneficjent,kierownik projektu,sponsor,wykonawca
Kluczowym zadaniem kierownika projektu jest:,"zarządzanie budżetem, zakresem i ryzykami",kontrola jakości produktu,samodzielne wykonywanie najtrudniejszych zadań,zapewnienie finansowania projektu
Ostatnim etapem zarządzania interesariuszami jest:,współdziałanie z interesariuszami projektu,identyfikacja interesariuszy,ocena interesariuszy,przewidywanie zachowań interesariuszy
"Każda osoba lub grupa, która może wpływać na osiąganie celów przez przedsiębiorstwo lub pozostaje pod wpływem jego działalności nazywana jest:",interesariuszem przedsiębiorstwa,lokalną społecznością,otoczeniem przedsiębiorstwa,konkurencją
"Osoba lub instytucja, która zleca projekt, finansuje go i oczekuje konkretnego wyniku, nie wtrącając się w codzienną pracę zespołu, to:",sponsor projektu,kierownik projektu,wykonawca projektu,interesariusz kontekstowy
"Osoby, które fizycznie wykonują prace w projekcie (np. montują sprzęt w szkolnym radiowęźle), to:",wykonawcy (zespół projektowy),sponsorzy projektu,beneficjenci projektu,interesariusze kontekstowi
Według macierzy interesariuszy przykładem interesariuszy afektywnych są:,media,sponsor projektu,banki,społeczność lokalna
"Sponsor projektu, od którego zależą główne decyzje i wsparcie finansowe, jest w macierzy interesariuszy zaliczany do interesariuszy:",kluczowych,potencjalnie aktywnych,afektywnych,marginalnych
W macierzy interesariuszy opartej na wpływie i zaangażowaniu nie wyróżnia się interesariuszy:,kontraktowych,kluczowych,afektywnych,marginalnych
Przy rozpoznawaniu interesariuszy projektu można skorzystać z:,macierzy interesariuszy,wykresu Gantta,analizy wrażliwości,metody CPM
„PRINCE2” to skrót nazwy brytyjskiej metodyki stosowanej szeroko w zarządzaniu projektami w instytucjach publicznych. Jak brzmi jej pełna nazwa?,PRojects IN Controlled Environments 2,PRoject IN Controlled Environment 2,PRojects IN Controlled Environment 2,PRoject IN Controlled Environments 2
"Jak nazywa się pierwsze, założone w 1965 roku, międzynarodowe stowarzyszenie profesjonalistów zarządzania projektami?",International Project Management Association,Project Management Institute,Association for Project Management Group,Office of Government Commerce
W metodyce Agile w zarządzaniu projektami najwyższym priorytetem jest:,częste dostarczanie działających przyrostów produktu,centralizacja uprawnień decyzyjnych,maksymalna dokumentacja,sztywne trzymanie się kontraktu
"Budowa szkoły: najpierw fundamenty, potem ściany, na końcu dach; zmiana fundamentów przy gotowym dachu oznaczałaby burzenie całości. To przykład metodyki:",kaskadowej (waterfall),zwinnej (Agile),Scrum,XP
Metodyka PCM (Project Cycle Management) obejmuje pięć etapów w kolejności:,"programowanie, identyfikacja, formułowanie, wdrażanie, ewaluacja i audyt","identyfikacja, programowanie, formułowanie, wdrażanie, ewaluacja i audyt","programowanie, identyfikacja, wdrażanie, formułowanie, ewaluacja i audyt","definiowanie, przygotowanie, wykonawstwo, kontrola, zakończenie"
"Metodyka zarządzania projektami, która kładzie nacisk na jasny podział ról oraz ścisłe dokumentowanie i kontrolę każdego kroku, to:",PRINCE2,Scrum,XP,EVO
"W odróżnieniu od PRINCE2, skupiającej się na perspektywie klienta i jakości projektu, PMBoK koncentruje się przede wszystkim na:","celach biznesowych organizacji realizującej projekt, ustalanych przez kierownictwo",pracy w krótkich sprintach i codziennych spotkaniach zespołu,ścisłym dokumentowaniu i kontroli każdego etapu projektu,"podziale ról między sponsora, kierownika i wykonawców"
"Zespół pracuje nad oprogramowaniem przez tydzień, następnie ocenia efekty i planuje kolejny tydzień; plan zmienia się wraz z wymaganiami klienta. To przykład metodyki:",zwinnej (Agile),kaskadowej (waterfall),PRINCE2,PCM
Trzy role w Scrumie to:,"Product Owner, Scrum Master i zespół deweloperski","sponsor, kierownik projektu i zespół deweloperski","Product Owner, kierownik projektu i tester","Scrum Master, sponsor i wykonawca"
"Rola w Scrumie odpowiedzialna za to, aby projekt przyniósł zysk, to:",Product Owner (właściciel produktu),Scrum Master,zespół deweloperski,sponsor projektu
Sprinty w Scrumie to krótkie cykle trwające zwykle:,od 2 do 4 tygodni,od 1 do 3 dni,od 2 do 4 miesięcy,od 6 do 12 miesięcy
"Główna lista wszystkich pożądanych cech produktu, z której pochodzi zestaw zadań na dany sprint, to:",Product Backlog,Sprint Backlog,przyrost produktu,codzienny scrum
"Stowarzyszenie, które wydało własny model kompetencji PMCDF (Project Manager Competency Development Framework), to:",Project Management Institute (PMI),International Project Management Association (IPMA),Australian Institute of Project Management (AIPM),Engineering Construction Industry Training Board (ECITB)
Zasada SMART nie odnosi się do:,innowacyjności celów,konkretności celów,mierzalności celów,terminowości celów
Zgodnie z zasadą SMART cele nie powinny być:,jakościowe,mierzalne,osiągalne,konkretne
Zgodnie z zasadą wyznaczania celów SMART cele nie powinny być:,bardzo ambitne,konkretne,mierzalne,określone w czasie
"Kluczowe wskaźniki efektywności (Key Performance Indicators, KPI) służą do pomiaru skuteczności działań organizacji. KPI pomagają określić, czy realizowane działania przynoszą zakładane rezultaty i pomagają firmie osiągnąć wyznaczone cele. Wskaźniki te:","różnią się w zależności od przedsiębiorstwa, branży, wielkości firmy i strategii rozwoju","mają charakter jakościowy, opisowy, nie można zmierzyć stopnia ich realizacji","dobierane są uniwersalnie dla podmiotów z danego kraju, uwzględniają specyfikę rynku krajowego i regionalnego",powinny być wyrażone w pieniądzach
Kto jest autorem metody planowania przedsięwzięć z zastosowaniem harmonogramów?,H.L. Gantt,H. Taylor,K. Ishikawa,G. Hammel
Autorem metody planowania przebiegu projektów nazwanej harmonogramem był:,Karol Adamiecki,Tadeusz Kotarbiński,Gustave Eiffel,Frederick Winslow Taylor
"Chcąc skrócić czas realizacji projektu, kierownik projektu wykorzysta technikę:",CPM,analizę ABC,ankietę,analizę morfologiczną
Techniką służącą do planowania działań zespołowych jest technika:,CPM,biznesplanu,burzy mózgów,socjogramu
Wykresy sieciowe wykorzystuje się między innymi do:,wyznaczania czasu trwania projektu,harmonizacji działań,oceny potencjału strategicznego przedsiębiorstwa,wyznaczania kosztów inwestycji
W harmonogramie projektu zadanie leży na ścieżce krytycznej. Opóźnienie realizacji tego zadania o trzy dni:,opóźni cały projekt,nie wpłynie na termin projektu,skróci projekt,"spowoduje wzrost kosztów, ale nie zmieni terminu"
Która z wymienionych technik nie jest techniką zarządzania projektami?,SWOT,PRINCE2,harmonogram,wykresy sieciowe
"Zgodnie z techniką łańcucha krytycznego (ang. critical chain project management) zapas czasu umieszczany na końcu łańcucha krytycznego, którego zadaniem jest ochrona terminu końcowego przed mogącymi pojawić się opóźnieniami czynności należących do łańcucha krytycznego to:",bufor projektu,bufor zasilający,bufor końcowy,bufor zasobu
"Kierownik projektu posługujący się techniką Earned Value do kontroli przebiegu projektu zauważył, iż za ostatni okres wskaźnik SPI (schedule performance index) wynosi 1,3, zaś CPI (cost performance index) wynosi 0,8. Oznacza to, że projekt jest realizowany:",przed terminem i powyżej kosztów,po terminie i poniżej kosztów,po terminie i powyżej kosztów,przed terminem i poniżej kosztów
"Kierownik projektu analizuje raport, w którym wskaźnik wydajności kosztów CPI wynosi 0,8 a wskaźnik wydajności tempa prac SPI wynosi 1,2. Jaki jest stan projektu?","projekt ma niską efektywność kosztową, ale wyprzedza harmonogram",projekt jest realizowany taniej niż zakładano i szybciej niż w harmonogramie,projekt jest realizowany drożej niż zakładano i wolniej niż w harmonogramie,"projekt oszczędza środki, ale ma opóźnienia"
Który z poniższych wskaźników służy do oceny zgodności wykonania projektu z budżetem?,CPI (Cost Performance Index),SPI (Schedule Performance Index),ROA,EVA (Economic Value Added)
W zarządzaniu projektami najczęściej stosowanym podejściem w obszarze ryzyka jest:,łagodzenie ryzyka,przenoszenie ryzyka,ujawnianie ryzyka,unikanie ryzyka
Wskaż ryzyko zewnętrzne związane z organizacją przeglądu amatorskich teatrów szkolnych:,zmiany przepisów prawnych związanych z organizacją imprezy masowej,brak motywacji członków zespołu projektowego,niewłaściwe zarządzanie budżetem projektu,wystąpienie problemów technicznych w trakcie trwania festiwalu
"Analiza, której celem jest ocena wpływu zmiany kluczowych parametrów projektu na wskaźniki efektywności finansowej i ekonomicznej (z zachowaniem zasady ceteris paribus), to analiza:",wrażliwości,finansowa,opłacalności,wykonalności
"Technika szacowania kosztów projektu polegająca na szacowaniu kosztów poszczególnych zadań, a następnie ich sumowaniu, to technika:",szacowania oddolnego,ekspercka,parametryczna,szacowania odgórnego
Która z cech nie jest cechą wykresu Gantta:,zawiera szczegółowe opisy zadań do wykonania,daje możliwość sprawowania bieżącej kontroli nad realizacją projektu i reagowania w sytuacji opóźnienia,przedstawia kolejność zadań do wykonania,umożliwia śledzenie kamieni milowych projektu
Akronim BOSCARD jest pomocny przy:,definiowaniu ram działania projektu,szacowaniu kosztów projektu,wyznaczaniu ścieżki krytycznej,ocenie postępów prac metodą wartości wypracowanej
W akronimie BOSCARD litera C oznacza:,Constraints (ograniczenia),Costs (koszty),Criteria (kryteria sukcesu),Communication (komunikację)
"Element BOSCARD opisujący to, co oddajemy na koniec projektu, to:",Deliverables (produkty),Objectives (cele),Scope (zakres),Background (tło)
Tablica Kanban dzieli zadania na kolumny:,"To do, In progress, Done","Plan, Do, Check, Act","Backlog, Sprint, Review","Start, Stop, Continue"
W metodzie CPM różnicę między najpóźniejszym a najwcześniejszym terminem zdarzenia nazywa się:,rezerwą czasową,ścieżką krytyczną,buforem projektu,czasem najbardziej prawdopodobnym
"W odróżnieniu od tradycyjnego harmonogramu CPM, metoda łańcucha krytycznego (CCPM):","planuje zadania bez zapasu czasu, a zapasy zbiera w buforach",wlicza zapas czasu w czas trwania każdego zadania,opiera się na trzech szacunkach czasu trwania zadania,pomija ryzyko opóźnień i nie stosuje żadnych zapasów
Bufor zasobu w metodzie łańcucha krytycznego to:,informacja dla członka zespołu o zbliżającej się pracy,zapas czasu chroniący ostateczny termin oddania projektu,zapas czasu chroniący zadanie główne przed opóźnieniem zadań pobocznych,rezerwa budżetowa na nieprzewidziane wydatki
Dla każdego zadania w metodzie PERT szacuje się trzy warianty czasu trwania:,"optymistyczny, pesymistyczny i najbardziej prawdopodobny","planowany, rzeczywisty i skorygowany","najwcześniejszy, najpóźniejszy i rezerwowy","standardowy, przyspieszony i awaryjny"
"Metodę PERT, będącą modelem probabilistycznym, stosuje się przede wszystkim w projektach:","nowatorskich, w których trudno oszacować czas trwania zadań","powtarzalnych, w których czas zadań jest dokładnie znany","wyłącznie budowlanych, o stałych cenach materiałów",o zerowym ryzyku i pełnej pewności co do kosztów
Do podstawowych parametrów projektu (tzw. trójkąta projektu) nie zalicza się:,liczby pracowników,budżetu,czasu,zakresu
Wykresy sieciowe wykorzystuje się między innymi do:,wyznaczania czasu trwania projektu,harmonizacji działań,oceny potencjału strategicznego przedsiębiorstwa,wyznaczania kosztów inwestycji
Techniką służącą do planowania działań zespołowych jest technika:,CPM,biznesplanu,burzy mózgów,socjogramu
"Chcąc skrócić czas realizacji projektu, kierownik projektu wykorzysta technikę:",CPM,analizę ABC,ankietę,analizę morfologiczną
Metoda doskonalenia przedsiębiorstwa polegająca na uczeniu się od najlepszych to:,benchmarking,metoda ścieżki krytycznej,metoda przypadków krytycznych,analiza luki strategicznej
Zaletą benchmarkingu konkurencyjnego nie jest:,łatwy dostęp do informacji,duża akceptacja ze strony pracowników dla wprowadzanych ulepszeń wynikających z benchmarkingu,możliwość określenia swojej pozycji na tle pozycji konkurentów,"porównywalność produktów, procesów"
Pierwszą fazą zarządzania projektami jest faza:,definiowania,planowania,wykonawstwa,ewaluacji
Która z cech nie jest cechą wykresu Gantta:,zawiera szczegółowe opisy zadań do wykonania,daje możliwość sprawowania bieżącej kontroli nad realizacją projektu i reagowania w sytuacji opóźnienia,przedstawia kolejność zadań do wykonania,umożliwia śledzenie kamieni milowych projektu
W zarządzaniu projektami osoba korzystająca z efektów projektu to:,beneficjent,kierownik projektu,sponsor,wykonawca
Pierwszy (najniższy) poziom dojrzałości projektowej w modelu H. Kerznera to poziom:,wspólnego języka,wspólnych procesów,jednej metodyki,benchmarkingu
"Organizacja, która dostrzega potrzebę zdefiniowania i udoskonalania wspólnych procesów, aby powtórzyć sukces jednego projektu w kolejnych, znajduje się w modelu Kerznera na poziomie:",wspólnych procesów,wspólnego języka,jednej metodyki,ciągłego doskonalenia
Na poziomie jednej metodyki w modelu Kerznera organizacja:,"łączy procesy zarządzania projektami w jedną metodykę, uzyskując efekt synergii",porównuje swoje procesy zarządzania projektami z procesami innych firm,ciągle ocenia wyniki benchmarkingu i udoskonala własną metodykę,dopiero poznaje podstawową terminologię zarządzania projektami
Najwyższy poziom dojrzałości projektowej w modelu Kerznera to poziom:,ciągłego doskonalenia,benchmarkingu,jednej metodyki,innowacji
"Poprawna kolejność poziomów dojrzałości projektowej Kerznera, od najniższego do najwyższego, to:",język → procesy → metodyka → benchmarking → doskonalenie,język → procesy → benchmarking → metodyka → doskonalenie,procesy → język → metodyka → benchmarking → doskonalenie,język → metodyka → procesy → benchmarking → doskonalenie
"Poziomy: wspólny język, wspólne procesy, jedna metodyka należą do:",modelu K-PM3 H. Kerznera,modelu BPMM,modelu zmiany organizacyjnej K. Lewina,cyklu zarządzania projektem
Projekt to:,tymczasowe przedsięwzięcie mające wytworzyć unikatowy wyrób lub usługę,powtarzalny ciąg czynności przekształcających nakłady w wyniki,stała jednostka organizacyjna realizująca bieżące zadania firmy,"przedsięwzięcie prowadzone w sposób ciągły, bez określonego końca"
Proces w organizacji to:,"powtarzalny ciąg powiązanych działań, w którym nakłady zamieniane są w wyniki",jednorazowe przedsięwzięcie o unikatowym rezultacie,"działanie improwizowane, podejmowane bez wcześniejszego planu",tymczasowy zespół powołany do realizacji jednego zadania
Dużą powtarzalność i dużą złożoność działań cechują:,procesy (funkcje),projekty,działania rutynowe,działania improwizowane
Cechą projektu nie jest:,powtarzalność realizowanych działań,unikalność przedsięwzięcia,celowość (wymierny cel),określony początek i koniec
Projektem jest:,organizacja koncertu charytatywnego w szkole,comiesięczne księgowanie faktur w firmie,codzienna obsługa klientów w sklepie,cykliczne naliczanie wynagrodzeń pracowników
Jako źródło inicjatywy projektu strategia przedsiębiorstwa należy do źródeł:,systematycznych,spontanicznych,sytuacyjnych,zewnętrznych
Do spontanicznych źródeł inicjatyw projektów zalicza się:,benchmarking,biznesplan,program naprawczy,nową regulację prawną
"Źródłem inicjatywy projektu, które nie należy do systematycznych, jest:",nowa idea,strategia przedsiębiorstwa,biznesplan,program naprawczy
Po wejściu w życie nowych przepisów o ochronie danych osobowych firma uruchomiła projekt dostosowujący jej procedury. Źródło inicjatywy tego projektu jest:,sytuacyjne,systematyczne,spontaniczne,strategiczne
"Projekt odnoszący się do całej organizacji, którego efekty mają charakter długookresowy, to projekt:",strategiczny,taktyczny,operacyjny,twardy
Projekt operacyjny cechuje się:,krótkim horyzontem czasowym i odniesieniem do wybranych jednostek organizacyjnych,średnim horyzontem czasowym i odniesieniem do większych jednostek organizacyjnych,długim horyzontem czasowym i odniesieniem do całej organizacji,krótkim horyzontem czasowym i odniesieniem do całej organizacji
"Wdrożenie nowego systemu CRM we wszystkich działach sprzedaży jednego regionu, rozłożone na kilka kwartałów, to projekt:",taktyczny,operacyjny,strategiczny,średni
"Podział projektów na operacyjne, taktyczne i strategiczne dokonano według kryterium:",znaczenia dla organizacji,wielkości budżetu projektu,"charakteru projektu (twarde, miękkie)","dziedziny działalności (naukowe, komercyjne)"
Skrót PMO rozwija się jako:,Project Management Office,Project Management Institute,Project Management Body of Knowledge,Project Cycle Management
Biuro zarządzania projektami (PMO) to:,jednostka organizacyjna koordynująca zarządzanie projektami w całej organizacji,międzynarodowe stowarzyszenie zrzeszające profesjonalistów zarządzania projektami,zespół powołany do realizacji jednego konkretnego projektu,dokument formalnie otwierający projekt i wyznaczający jego cele
"Podstawowa różnica między kierownikiem projektu a PMO polega na tym, że:","kierownik odpowiada za swój projekt, a PMO koordynuje i wspiera projekty w całej organizacji","kierownik koordynuje wszystkie projekty w organizacji, a PMO odpowiada za jeden projekt","kierownik tworzy standardy dla organizacji, a PMO wykonuje prace projektowe","PMO jest zespołem realizującym projekt, a kierownik projektu jego sponsorem"
Ze względu na stopień kontroli nad projektami wyróżnia się PMO:,"wspierające, kontrolujące i dyrektywne","operacyjne, taktyczne i strategiczne","systematyczne, spontaniczne i sytuacyjne","liniowe, macierzowe i sieciowe"
Do typowych zadań PMO nie należy:,ustalanie strategii przedsiębiorstwa,standaryzacja metodyk i szablonów dokumentacji projektowej,szkolenia i doradztwo dla kierowników projektów,monitorowanie i raportowanie postępów projektów
"PMO, które udostępnia szablony i szkolenia, ale nie wymusza ich stosowania, jest PMO:",wspierającym,kontrolującym,dyrektywnym,strategicznym
Model Tuckmana opisuje rozwój zespołu projektowego. Który etap charakteryzuje się największą liczbą konfliktów interpersonalnych?,storming,forming,norming,performing
Syndromy: gapowicza i myślenia grupowego oraz ryzyko długotrwałego procesu podejmowania decyzji stanowią zagrożenia realizacji projektu w ramach której struktury zespołu projektowego?,kolektywnej,izomorficznej,chirurgicznej,eksperckiej
"Mechanizm, w którym podczas podejmowania decyzji w zespołach dla decydenta ważniejsza staje się spójność i solidarność grupy niż tworzenie nowych pomysłów to mechanizm:",myślenia grupowego,pozytywnej integracji,synergii,właściwego współdziałania
Negatywnym zjawiskiem w pracy zespołowej jest:,zjawisko myślenia grupowego,synergizm,integracja grupy,komunikatywność
Według modelu Tuckmana ostatnim etapem budowania zespołu jest:,współdziałanie,docieranie,formowanie,normowanie
"Radiowęzeł składa się ze wzmacniacza, okablowania i playlisty. Kasia zajmuje się tylko wzmacniaczem, Tomek tylko kablami, a Michał tylko playlistą. Jest to struktura zespołu:",izomorficzna,ekspercka,chirurgiczna,kolektywna
"Równoległa praca specjalistów, z których każdy realizuje zadania wyłącznie ze swojej dziedziny, co może prowadzić do niejasnego podziału odpowiedzialności, to cecha struktury:",eksperckiej,izomorficznej,chirurgicznej,kolektywnej
Główną wadą struktury chirurgicznej zespołu projektowego jest:,całkowite uzależnienie projektu od jednej osoby,ryzyko myślenia grupowego,niejasny podział odpowiedzialności,"ograniczona efektywność, bo każdy pracuje sam"
"W odróżnieniu od struktury izomorficznej, w strukturze eksperckiej:","praca jest równoległa, a członkowie zespołu stale komunikują się ze sobą",podział zadań odzwierciedla budowę produktu,rozmowy toczą się tylko na linii kierownik-pracownik,zespół nie ma wyraźnego lidera
W klasyfikacji struktur zespołów projektowych nie wyróżnia się struktury:,macierzowej,eksperckiej,chirurgicznej,izomorficznej
"Model przywództwa, w którym kierownik opiera swoje działania na nagrodach i karach, to przywództwo:",transakcyjne,transformacyjne,sytuacyjne,adaptacyjne
"Kierownik projektu buduje wizję, jest charyzmatyczny i motywuje zespół do ponadprzeciętnych wyników. Stosuje przywództwo:",transformacyjne,transakcyjne,sytuacyjne,adaptacyjne
"Kierownik projektu, który dostosowuje styl kierowania do zmieniających się okoliczności, stosuje przywództwo:",sytuacyjne,transakcyjne,transformacyjne,autokratyczne
